"","id","age","IDN","Naples","Rome","Kenya","Philippines","Thailand","Sweden","US_AA","US_H","Colombia","Jordan","male","max_parental_ed","JDM","IDM","MatWarmth","PatWarmth","CE_2","CE_3"
"1",1,15.1066928693961,"Italy-Naples",1,0,0,0,0,0,0,0,0,0,"not male",11.5503975280152,1.04603407713958,0.271968689259016,3.45896324652696,2.61902936063122,1.30791657733799,1.86622495120927
"2",2,15.403300614444,"Italy-Naples",0,1,0,0,0,0,0,0,0,0,"not male",12.9409527692754,0.639959367348392,0.320803475396914,3.48660311946239,2.24787683995188,2.45099046141282,1.17573679608656
"3",3,17.0097200661059,"Italy-Naples",0,0,1,0,0,0,0,0,0,0,"not male",20.4721620025678,0.443779522757606,0.378756608620338,4.24098663352502,3.62004175360604,3.25988172357333,2.79606478140386
"4",4,15.6733165354993,"Italy-Naples",0,0,0,1,0,0,0,0,0,0,"not male",14.2068403278975,0.639889901850497,0.360172117853293,3.28567679313312,3.70618183271901,2.26972796692723,1.63254266388589
"5",5,15.7261003861745,"Italy-Naples",0,0,0,0,1,0,0,0,0,0,"not male",14.4543013650276,1.73573091796831,-0.145457289068855,3.39029364953906,2.80080092311526,2.22392998289683,1.79575647138485
"6",6,17.1501283582212,"Italy-Naples",0,0,0,0,0,1,0,0,0,0,"not male",21.1304235947786,0.951287033499674,0.207284495126776,3.94652967220691,3.80348638065264,2.75833285962653,3.5629772117565
"7",7,16.0239027529783,"Italy-Naples",0,0,0,0,0,0,1,0,0,0,"not male",15.8504572272145,0.626803818880509,0.366495964855678,3.49619303449395,3.26849234067253,2.6261320531569,1.89850136669302
"8",8,14.4739750113233,"Italy-Naples",-1,-1,-1,-1,-1,-1,-1,-1,-1,-1,"not male",8.58409220230649,1.20823856216302,0.122553175134001,3.88184561838188,4.64220660979951,1.24318334253782,0.408779436877216
"9",9,14.9932061389996,"Italy-Naples",0,0,0,0,0,0,0,1,0,0,"not male",11.0183494935283,1.15302642368003,0.0434088814407146,4.1432064085237,3.75111247287885,1.98240641096811,0.604382302701334
"10",10,15.2097955508502,"Italy-Naples",0,0,0,0,0,0,0,0,1,0,"not male",12.0337631058792,1.34008316607805,-0.0133447348818084,4.23997900868108,3.91656940254361,1.87970401314466,1.04736510683923
"11",11,16.7092254541006,"Italy-Naples",0,0,0,0,0,0,0,0,0,1,"not male",19.0633843672201,0.979886244062912,0.122796070724029,4.15912944204809,3.83440200580735,3.34406308982711,2.07545413673743
"12",12,15.9331128166975,"Italy-Naples",1,0,0,0,0,0,0,0,0,0,"not male",15.4248162119115,1.50846690745604,-0.130143472735676,4.04925530888553,3.53890784089871,2.0776363420609,2.16028401863428
"13",13,15.9698927626335,"Italy-Naples",0,1,0,0,0,0,0,0,0,0,"not male",15.597247807001,0.397188307159109,0.435794450603302,3.1631058284691,3.2097662140693,2.72681668335791,1.7546557580334
"14",14,15.7093930789187,"Italy-Naples",0,0,1,0,0,0,0,0,0,0,"not male",14.375974234129,1.04176261521965,0.257051223844908,3.7819402047635,2.12270180509195,2.0221929741519,2.16306052826318
"15",15,15.1108546609908,"Italy-Naples",0,0,0,1,0,0,0,0,0,0,"not male",11.5699088226853,0.812850619637897,0.460879477755515,3.98952703716289,3.58388120574704,1.60339396435775,1.3471924084899
"16",16,17.2146479968492,"Italy-Naples",0,0,0,0,1,0,0,0,0,0,"not male",21.432904305941,1.50933095838938,0.0368476781999002,4.48911161826586,3.78483743356779,3.84287639506981,2.31790157910025
"17",17,16.0570697294499,"Italy-Naples",0,0,0,0,0,1,0,0,0,0,"not male",16.0059505133451,1.29962324464139,0.197837817421977,4.62518852767142,3.58212798656112,2.5931762496094,1.75963591217157
"18",18,13.8439777933466,"Italy-Naples",0,0,0,0,0,0,1,0,0,0,"not male",5.63054177058922,1.32363585037013,0.156372949956677,3.3506796039495,3.36138560499487,0.163475580478071,0.801847581435872
"19",19,16.2398175996042,"Italy-Naples",-1,-1,-1,-1,-1,-1,-1,-1,-1,-1,"not male",16.8627083455831,1.72415905447921,-0.0234288158404377,2.8427999585856,3.87613605354647,2.26229970631526,2.53619340226899
"20",20,15.1854333158603,"Italy-Naples",0,0,0,0,0,0,0,1,0,0,"not male",11.9195481734654,0.873846441962933,0.346356896188704,2.56428698871945,3.30776680593863,1.00098919982204,2.34762626119125
"21",21,14.6510943120238,"Italy-Naples",0,0,0,0,0,0,0,0,1,0,"not male",9.41446219779538,0.812674432829855,0.462971968238425,3.77178533002512,3.23977036818951,1.18370980707029,1.09811838199063
"22",22,15.4142585266368,"Italy-Naples",0,0,0,0,0,0,0,0,0,1,"not male",12.9923256092886,0.865965620056383,0.351476181066149,4.71679654465491,4.47190307199441,2.2685788390297,0.882709950908087
"23",23,14.6886480054201,"Italy-Naples",1,0,0,0,0,0,0,0,0,0,"not male",9.59052127262652,0.812980401682922,0.285810725029514,3.67469132424333,3.05691924191335,1.51838557454162,0.810214344954058
"24",24,14.9554556760966,"Italy-Naples",0,1,0,0,0,0,0,0,0,0,"not male",10.8413679246843,0.732199603400178,0.356591528198101,2.65298106048522,2.52177002725518,1.43031349835808,1.58690803411605
"25",25,15.0487147374714,"Italy-Naples",0,0,1,0,0,0,0,0,0,0,"not male",11.2785846823546,1.82004834430501,-0.0391012124463309,3.50294289391346,1.86768743671714,0.857421856170795,2.31927853990988
"26",26,14.0953494069533,"Italy-Naples",0,0,0,1,0,0,0,0,0,0,"not male",6.80902116177444,0.438810168048227,0.378175452675068,3.70761404338959,3.67547619643466,0.650726289308023,0.689690583730704
"27",27,16.3623327659561,"Italy-Naples",0,0,0,0,1,0,0,0,0,0,"not male",17.437083457322,0.869600127601463,0.493040534504492,4.37057448450035,4.395385269719,2.13676809021698,2.76562433652409
"28",28,15.7477290598172,"Italy-Naples",0,0,0,0,0,1,0,0,0,0,"not male",14.5557008260917,0.654244858344687,0.367040922006356,2.68030836932609,1.43448241794955,2.02570265337279,2.49474103753328
"29",29,14.5879530305633,"Italy-Naples",0,0,0,0,0,0,1,0,0,0,"not male",9.1184434951797,1.17546106264096,-0.0294650367374119,4.13072015755812,2.75156231548586,1.53400484471865,0.571323578867704
"30",30,16.7359257991208,"Italy-Naples",-1,-1,-1,-1,-1,-1,-1,-1,-1,-1,"not male",19.1885608177044,1.38337578539041,0.105650571074881,3.58069775860899,3.41853009360087,3.05584998983572,2.54487044613804
"31",31,15.9929648708862,"Italy-Naples",0,0,0,0,0,0,0,1,0,0,"not male",15.7054143724174,0.745434209248489,0.32194799569462,3.90067436254174,2.70851384773353,1.86263476100523,2.76641871995484
"32",32,15.3450258082729,"Italy-Naples",0,0,0,0,0,0,0,0,1,0,"not male",12.6677490566025,1.17703568751207,0.226891258659793,4.08354387184657,4.38163994420462,1.3669861286856,1.8403978396462
"33",33,16.4138228436184,"Italy-Naples",0,0,0,0,0,0,0,0,0,1,"not male",17.6784790329995,1.14091845602795,0.170893757476288,4.11733593440885,3.69226463592687,2.47711198121718,2.56781892949584
"34",34,16.3985638718047,"Italy-Naples",1,0,0,0,0,0,0,0,0,0,"not male",17.6069419825141,1.56430495436138,-0.133790826952329,4.02011795540589,4.45853588907166,2.42293658831636,2.42488495845062
"35",35,16.3477798113105,"Italy-Naples",0,1,0,0,0,0,0,0,0,0,"not male",17.3688563536938,1.47522425674091,0.122257060426139,3.56777393435769,3.91687318041189,2.8195916697397,2.03847106594021
"36",36,16.2283989481819,"Italy-Naples",0,0,1,0,0,0,0,0,0,0,"not male",16.8091754697614,0.908504242529672,0.336761331079426,3.71487639481581,3.09471843446347,3.06269097168536,1.73859207725274
"37",37,16.1074180528768,"Italy-Naples",0,0,0,1,0,0,0,0,0,0,"not male",16.2419933213932,1.21129321881422,0.0744409461888345,4.36423698306479,4.10041857516618,1.85103494914687,2.6405274293232
"38",38,15.5544032839021,"Italy-Naples",0,0,0,0,1,0,0,0,0,0,"not male",13.649351698472,1.14359228472991,0.120825527133954,3.41092859191804,2.64889375225685,2.55122031250698,1.20856341789399
"39",39,15.3352455279616,"Italy-Naples",0,0,0,0,0,1,0,0,0,0,"not male",12.621897185655,0.287723091228578,0.461444851316219,3.74704678310021,2.84263439806422,2.1617822241459,1.30054755982518
"40",40,15.2683370410909,"Italy-Naples",0,0,0,0,0,0,1,0,0,0,"not male",12.3082170857379,0.967203532555763,0.103446996295781,4.33102883458819,3.54232525379962,1.40273373179203,1.79627700357384
"41",41,14.9861531329294,"Italy-Naples",-1,-1,-1,-1,-1,-1,-1,-1,-1,-1,"not male",10.9852836187446,1.10706831870996,0.0975288058253707,3.58267567282574,2.79821489758432,1.97353821430041,0.828353136118848
"42",42,15.4232902843384,"Italy-Naples",0,0,0,0,0,0,0,1,0,0,"not male",13.0346682595375,0.738796832058509,0.499300715712335,3.26923722049512,2.65350027230883,2.13906885012792,1.52258455620558
"43",43,14.4736740762917,"Italy-Naples",0,0,0,0,0,0,0,0,1,0,"not male",8.58268135989761,0.750465316619158,0.348479392490078,3.05783847595162,2.27987068194158,1.58212207531549,0.560129852994214
"44",44,17.557722456874,"Italy-Naples",0,0,0,0,0,0,0,0,0,1,"not male",23.0413046140751,1.11123969527388,0.222601779203108,3.55524373318192,3.75555647610163,3.46939243848146,3.49780213184802
"45",45,16.6947498744779,"Italy-Naples",1,0,0,0,0,0,0,0,0,0,"not male",18.995520012864,0.684014894134672,0.373518914666173,3.19069647668859,3.76750330327784,2.83100586990054,2.78795682197296
"46",46,14.6014484922834,"Italy-Naples",0,1,0,0,0,0,0,0,0,0,"not male",9.1817128647139,0.467881283106338,0.38046987895756,3.38864201828587,3.28262095025461,1.01991506002002,1.25590938309503
"47",47,15.2482094179014,"Italy-Naples",0,0,1,0,0,0,0,0,0,0,"not male",12.2138548433909,0.621409385027397,0.396735360722458,2.31658537806578,2.55195214640732,1.70773436668725,1.82526343220829
"48",48,15.1909434924463,"Italy-Naples",0,0,0,1,0,0,0,0,0,0,"not male",11.9453809612462,0.758158535880227,0.352748571139929,3.17928665808541,2.30390572085447,1.53492029359236,1.86634742210877
"49",49,16.310408676266,"Italy-Naples",0,0,0,0,1,0,0,0,0,0,"not male",17.1936531481959,1.16622257876566,0.184988148717269,2.585439828698,3.08892365518464,2.49553763622951,2.61599428672283
"50",50,15.5351345783083,"Italy-Naples",0,0,0,0,0,1,0,0,0,0,"not male",13.5590162301536,1.44451864989271,-0.0273922653973911,3.31201044591604,3.49742728400908,2.70957668382518,0.819814541478664
"51",51,15.8374800255673,"Italy-Naples",0,0,0,0,0,0,1,0,0,0,"not male",14.9764709439179,1.08024550886807,0.355062240127863,3.73096158974406,2.76335656379817,2.2872236598756,1.98100896501335
"52",52,15.5843650136969,"Italy-Naples",-1,-1,-1,-1,-1,-1,-1,-1,-1,-1,"not male",13.789818159982,1.06463663003429,0.26980222079981,3.10533975473587,3.06822544296388,2.01592924108003,1.85109403532374
"53",53,15.5715023293524,"Italy-Naples",0,0,0,0,0,0,0,1,0,0,"not male",13.7295153748036,1.05549864486532,0.0138354959892886,4.29687279166541,3.7357171657645,1.62254994250916,2.03619617577005
"54",54,16.839004851045,"Italy-Naples",0,0,0,0,0,0,0,0,1,0,"not male",19.6718156157009,1.29143689607951,-0.00805680304465428,3.95779064852087,4.77869524245489,3.43925224296537,2.01652110984967
"55",55,15.407257654878,"Italy-Naples",0,0,0,0,0,0,0,0,0,1,"not male",12.9595041503745,1.04665191936863,0.346302574755058,3.3560769425657,2.64941461033861,2.08722017933011,1.50939812402677
"56",56,16.9717906027777,"Italy-Naples",1,0,0,0,0,0,0,0,0,0,"not male",20.2943412446484,1.32478977486868,0.21097214518836,4.31663607257205,4.4053015669569,3.49574653633703,2.22475730109497
"57",57,14.2192199818013,"Italy-Naples",0,1,0,0,0,0,0,0,0,0,"not male",7.38975069419077,1.40252325583987,0.205913766169064,3.43366429145124,2.97199595389787,0.43192283344859,1.21084494153238
"58",58,16.1349831471732,"Italy-Naples",0,0,1,0,0,0,0,0,0,0,"not male",16.3712238859679,0.670434854250008,0.326802310646443,3.72146412609289,3.01909015663853,2.00347860944548,2.82654237379116
"59",59,15.7212211109725,"Italy-Naples",0,0,0,1,0,0,0,0,0,0,"not male",14.4314263665858,1.33051875647709,0.0463510181299167,2.47139279785854,3.28249532670435,1.92318191179288,2.18811810215629
"60",60,15.8039155287321,"Italy-Naples",0,0,0,0,1,0,0,0,0,0,"not male",14.8191140044121,1.0114435327778,0.295487000354197,3.07591103544496,3.32156209630849,2.7075788551851,1.40852540863662
"61",61,15.9509162555184,"Italy-Naples",0,0,0,0,0,1,0,0,0,0,"not male",15.5082822224191,1.09130164137934,0.238656700544914,3.53019021055006,3.9801056330668,2.12786255949002,2.16755357332316
"62",62,15.1589135391078,"Italy-Naples",0,0,0,0,0,0,1,0,0,0,"not male",11.7952182624098,0.608795844906664,0.319868116740257,2.98502799046383,2.57796438142473,1.29283641366232,2.07203501100427
"63",63,15.3107797694649,"Italy-Naples",-1,-1,-1,-1,-1,-1,-1,-1,-1,-1,"not male",12.5071969147517,0.690119517366809,0.439853206047694,2.45475713113751,2.18047812218318,1.86682126789888,1.7993595456577
"64",64,14.6953193059698,"Italy-Naples",0,0,0,0,0,0,0,1,0,0,"not male",9.62179763711916,0.901176888825593,0.306381076898864,2.78076244175445,2.65101682310807,1.55073355535543,0.935221989736017
"65",65,14.6475314786249,"Italy-Naples",0,0,0,0,0,0,0,0,1,0,"not male",9.39775893653782,0.127859808503248,0.571305874811464,3.92405298974836,4.80301867799498,1.53034568417051,0.477211700233044
"66",66,15.882568719981,"Italy-Naples",0,0,0,0,0,0,0,0,0,1,"not male",15.1878555803119,0.56099598663354,0.465765452945147,2.68207924641897,2.48240796811066,2.6494625715636,1.84836436070918
"67",67,16.0124923812092,"Italy-Naples",1,0,0,0,0,0,0,0,0,0,"not male",15.7969631680299,1.2781434732227,0.20976599864015,3.49454304207942,3.33335470048581,2.10638797171117,2.39736441142506
"68",68,15.657597795604,"Italy-Naples",0,1,0,0,0,0,0,0,0,0,"not male",14.1331477945354,0.833020597808883,0.370093036402622,3.36077703295081,2.83755502580868,2.27641456694904,1.72224438907933
"69",69,16.438196186156,"Italy-Naples",0,0,1,0,0,0,0,0,0,0,"not male",17.7927460397737,0.753636513873593,0.487564701959385,3.48307133437428,2.8429774191133,2.69893288721113,2.61706955598253
"70",70,17.4509760476932,"Italy-Naples",0,0,0,1,0,0,0,0,0,0,"not male",22.5408565264903,0.890611670929533,0.222727540690393,3.76392160339514,3.53635065451555,3.1129640445016,3.75695746490853
"71",71,15.1690540128812,"Italy-Naples",0,0,0,0,1,0,0,0,0,0,"not male",11.842758790902,0.993494614822306,0.0878883519076846,3.49128800047371,3.22478065877924,1.43002135128984,1.72286112549524
"72",72,13.5363663496745,"Italy-Naples",0,0,0,0,0,1,0,0,0,0,"not male",4.18839903355218,0.0457028465994884,0.683381739551723,2.55825386254599,2.61163782915221,-0.141291856029354,0.961921083264736
"73",73,16.5131531949671,"Italy-Naples",0,0,0,0,0,0,1,0,0,0,"not male",18.1441591879861,1.38441800946278,-0.0459848818381363,4.00363976278532,2.29808797034313,3.43936061397018,1.85242912362043
"74",74,14.973137715201,"Italy-Naples",-1,-1,-1,-1,-1,-1,-1,-1,-1,-1,"not male",10.9242647895281,0.0951800362058709,0.74662759200166,3.45545422065192,2.33022452858664,1.65658986275671,1.39230789879995
"75",75,14.9921682624123,"Italy-Naples",0,0,0,0,0,0,0,1,0,0,"not male",11.0134837246724,0.54067477413962,0.496784106029921,2.49018736257877,1.49693311832013,1.65552018800798,1.6103982530347
"76",76,16.5309630899876,"Italy-Naples",0,0,0,0,0,0,0,0,1,0,"not male",18.2276554664231,0.786447367692874,0.358511407882934,3.73185068425666,2.65929018883955,2.62543549746078,2.86279845060104
"77",77,15.3542738396682,"Italy-Rome",0,0,0,0,0,0,0,0,0,1,"not male",12.7111056403153,0.375124719569761,0.694482148068046,2.97690987718263,3.39645238700571,2.32458058748898,1.13176335467862
"78",78,14.5137954943954,"Italy-Rome",1,0,0,0,0,0,0,0,0,0,"not male",8.77077843140841,0.705398355276921,0.362024052459625,4.47302047723598,4.64192800515441,0.632806210588271,1.18361452406308
"79",79,15.7728105248147,"Italy-Rome",0,1,0,0,0,0,0,0,0,0,"not male",14.6732876497439,0.899895266840861,0.255544419119115,2.66512951384933,1.17305597977716,2.22631861842529,2.32590928304773
"80",80,15.4852755565297,"Italy-Rome",0,0,1,0,0,0,0,0,0,0,"not male",13.3252673641316,0.989728003409123,0.161866166234669,3.95997893700592,3.39434598344706,1.77362539588521,1.81586620807307
"81",81,15.6151762389381,"Italy-Rome",0,0,0,1,0,0,0,0,0,0,"not male",13.9342672226385,0.525808756012781,0.316378231425915,2.15697121546224,1.81851573168575,2.04654405641422,2.23027913264503
"82",82,15.9559818002114,"Italy-Rome",0,0,0,0,1,0,0,0,0,0,"not male",15.5320304887419,0.00717501846159674,0.868792691836032,2.92301090136994,3.45695928926337,2.46429232471749,2.0731925995621
"83",83,15.2771472914504,"Italy-Rome",0,0,0,0,0,1,0,0,0,0,"not male",12.349521266154,0.309352473053845,0.502321726153546,2.9104987210098,2.15883476082479,1.5149608877485,2.14248630832779
"84",84,16.1886501405699,"Italy-Rome",0,0,0,0,0,0,1,0,0,0,"not male",16.6228252692643,0.93288916211512,0.180347203528281,3.49644514595049,3.45941716445505,2.28572768787586,2.51039722539276
"85",85,15.4120030674868,"Italy-Rome",-1,-1,-1,-1,-1,-1,-1,-1,-1,-1,"not male",12.9817515747431,0.651085797282356,0.433053881002203,3.64295688301714,2.66694741138973,1.93951935455634,1.69781054224198
"86",86,15.9079402035963,"Italy-Rome",0,0,0,0,0,0,0,1,0,0,"not male",15.3068020680851,0.559625415087935,0.370124643624582,2.97443777933054,3.48114822937181,1.95524064197555,2.486630568665
"87",87,16.5949614338081,"Italy-Rome",0,0,0,0,0,0,0,0,1,0,"not male",18.5276922453588,1.45490371178396,0.202055931153055,3.24989675332911,3.68515905606094,2.7808739677714,2.59749326813898
"88",88,16.0007929787688,"Italy-Rome",0,0,0,0,0,0,0,0,0,1,"not male",15.7421140764103,1.24359826010676,0.109785183405729,4.28531742561062,2.90874944026514,2.04999368644567,2.43495573432684
"89",89,15.317313436193,"Italy-Rome",1,0,0,0,0,0,0,0,0,0,"not male",12.5378280249135,0.642808732549321,0.803086461286284,3.35607589354322,2.35867941493103,2.07513103199716,1.47693158371809
"90",90,16.6416292413691,"Italy-Rome",0,1,0,0,0,0,0,0,0,0,"not male",18.7464800736791,0.911337372879269,0.243162477929431,3.67667146650797,3.54515840300579,2.30808567832391,3.25876025831598
"91",91,16.502166462654,"Italy-Rome",0,0,1,0,0,0,0,0,0,0,"not male",18.0926512336005,1.09916218963823,-0.0300462118463108,4.79873958546201,4.54821650044728,2.62620303465933,2.33080430262897
"92",92,16.1024604696382,"Italy-Rome",0,0,0,1,0,0,0,0,0,0,"not male",16.218751199529,0.723406325140122,0.174206211428548,3.70101052882884,3.433292429133,2.1195456233372,2.55262735804918
"93",93,15.8243810981301,"Italy-Rome",0,0,0,0,1,0,0,0,0,0,"not male",14.9150606048192,0.774363461913911,0.680033029506943,3.73101636247308,2.66480215800691,2.27515536371412,2.03493176482316
"94",94,15.0461403437166,"Italy-Rome",0,0,0,0,0,1,0,0,0,0,"not male",11.2665154198742,0.790165772564305,0.278809907380216,3.05095778774036,2.82572850859518,1.71570231617284,1.3177190260603
"95",95,16.8318658987799,"Italy-Rome",0,0,0,0,0,0,1,0,0,0,"not male",19.6383468083113,1.27637551356447,0.159264738396259,3.06442690476356,3.09098162265377,2.84469162765586,3.07736529413467
"96",96,15.0709668907419,"Italy-Rome",-1,-1,-1,-1,-1,-1,-1,-1,-1,-1,"not male",11.3829071381106,1.05890446230613,0.193799632939476,3.91458266077875,4.48282887761953,2.07450702710002,0.549199389391973
"97",97,17.5742250277289,"Italy-Rome",0,0,0,0,0,0,0,1,0,0,"not male",23.1186719005998,1.07013775975493,0.472164425562556,3.3033644538261,3.36893397258069,3.5847507356462,3.5031779043546
"98",98,16.9862843423143,"Italy-Rome",0,0,0,0,0,0,0,0,1,0,"not male",20.3622907362396,0.985798272959533,0.194459189077725,2.54933225924197,3.12679210497751,3.18323410813237,3.03340012113767
"99",99,15.3983410775278,"Italy-Rome",0,0,0,0,0,0,0,0,0,1,"not male",12.917701488187,1.12423061588111,0.244527819702384,3.07280226513994,2.15025092508617,2.95464588790136,0.595800499492688
"100",100,14.6882740315245,"Italy-Rome",1,0,0,0,0,0,0,0,0,0,"not male",9.58876800970845,1.01732713898378,0.202608486907026,4.21877794755356,2.84050533442114,1.036049524399,1.32560567339553
"101",101,14.972054905798,"Italy-Rome",0,1,0,0,0,0,0,0,0,0,"not male",10.9191883668259,1.0726098406419,0.219076912554649,3.59338637429309,3.32023553145664,2.28689474925706,0.361629306965992
"102",102,15.8406815708226,"Italy-Rome",0,0,1,0,0,0,0,0,0,0,"not male",14.991480415549,0.431647272306998,0.642122869533507,2.70462598118427,2.42713862650174,2.11781673819685,2.4154605847918
"103",103,15.3884706931408,"Italy-Rome",0,0,0,1,0,0,0,0,0,0,"not male",12.8714271916734,1.00036869128883,0.183790467261585,4.33639144194963,4.28669120533239,1.88952959338797,1.3209447716867
"104",104,15.2979067457408,"Italy-Rome",0,0,0,0,1,0,0,0,0,0,"not male",12.4468456565355,0.669854814841382,0.307371699339066,3.21880791724179,3.80406736072891,2.04067345932061,1.21639984903634
"105",105,14.755446526596,"Italy-Rome",0,0,0,0,0,1,0,0,0,0,"not male",9.90368583181428,0.850256500779414,0.314413246802151,2.81128330138668,3.07141391242232,1.37304615031864,1.17582553384055
"106",106,15.5695651031216,"Italy-Rome",0,0,0,0,0,0,1,0,0,0,"not male",13.7204332785544,1.19589411592015,0.0783437171184733,3.86839292854483,4.55221866595053,1.38491669789306,2.19840096035151
"107",107,14.9051557864275,"Italy-Rome",-1,-1,-1,-1,-1,-1,-1,-1,-1,-1,"not male",10.6055521835857,0.843391701432568,0.375605823481259,3.30607392451589,2.96578926699755,1.69835515594833,1.03987166566977
"108",108,14.1121881409439,"Italy-Rome",0,0,0,0,0,0,0,1,0,0,"not male",6.88796444696394,0.402195446211175,0.390994400547274,2.78744394348646,1.66246351491134,0.666091988527767,1.14264674565866
"109",109,15.2685565847816,"Italy-Rome",0,0,0,0,0,0,0,0,1,0,"not male",12.3092463495885,0.626764593350368,0.461864890311822,3.57337392915751,3.19673707739547,1.61586769423806,1.73617054784564
"110",110,16.4352589549366,"Italy-Rome",0,0,0,0,0,0,0,0,0,1,"not male",17.7789757241458,1.1094457929451,0.242577841702327,3.50430307127406,3.61541158023342,3.18438148921036,1.87150300792001
"111",111,15.0933384275777,"Italy-Rome",1,0,0,0,0,0,0,0,0,0,"not male",11.4877892874187,1.2302734463094,0.00196693687397731,2.83394698423735,3.00109252690889,2.30981900985309,0.652358675347383
"112",112,16.1559519613581,"Italy-Rome",0,1,0,0,0,0,0,0,0,0,"not male",16.4695297965674,0.650888721137762,0.235293865620562,3.88441869012834,3.38021974003995,3.22893831603898,1.37116410411334
"113",113,14.1571413279563,"Italy-Rome",0,0,1,0,0,0,0,0,0,0,"not male",7.09871379810262,0.681996929082118,0.330044112258233,3.26809479936736,2.36991207625466,0.625949590976186,1.07045536391133
"114",114,15.560105354959,"Italy-Rome",0,0,0,1,0,0,0,0,0,0,"not male",13.6760841251417,0.804328098941738,0.306852793242469,2.19732213337991,3.16478873126295,2.14251242743687,1.76051588185244
"115",115,16.0764276691412,"Italy-Rome",0,0,0,0,1,0,0,0,0,0,"not male",16.096704328602,0.71232271265698,0.181633650500334,3.28834991780892,3.50520380664252,1.75547826445319,2.95517331409818
"116",116,15.8804357192257,"Italy-Rome",0,0,0,0,0,1,0,0,0,0,"not male",15.1778556547219,1.25466710993682,0.245756766284661,4.25221095763025,3.93936684146114,1.94756540951835,2.17236552429702
"117",117,15.7048972223457,"Italy-Rome",0,0,0,0,0,0,1,0,0,0,"not male",14.3548967773671,0.959029216487158,0.110058005631106,3.67922567968941,4.42680646604446,1.72992486460936,2.10402922795004
"118",118,15.0346460045418,"Italy-Rome",-1,-1,-1,-1,-1,-1,-1,-1,-1,-1,"not male",11.2126277050344,0.627096729302283,0.207594778183706,3.66661039996313,3.66583455232719,1.00189226041793,1.92521368367244
"119",119,14.8469654972618,"Italy-Rome",0,0,0,0,0,0,0,1,0,0,"not male",10.3327447031986,1.07401326051974,0.212107662727873,2.72353461023223,2.76630129470347,1.65364419588705,1.04952973953186
"120",120,14.6903323460368,"Italy-Rome",0,0,0,0,0,0,0,0,1,0,"not male",9.59841779155332,1.36473691672547,0.000166522987316231,4.10502751633033,4.53407715902766,0.917895018653601,1.14150830716778
"121",121,15.7156466441959,"Italy-Rome",0,0,0,0,0,0,0,0,0,1,"not male",14.4052921737915,1.51028822894379,-0.0759546568830826,4.15316557265263,4.60514535163917,1.66315984814421,2.06197265435233
"122",122,14.759167796462,"Italy-Rome",1,0,0,0,0,0,0,0,0,0,"not male",9.92113187428198,1.40246104839605,-0.0741208461645599,3.46070974012305,3.6759057623626,0.746970836976692,1.66327359025281
"123",123,15.1694794155568,"Italy-Rome",0,1,0,0,0,0,0,0,0,0,"not male",11.8447531620202,0.732736049222821,0.48396520003699,3.13557421655115,3.05247041996104,1.41741629528151,1.84868792953156
"124",124,15.380029211406,"Italy-Rome",0,0,1,0,0,0,0,0,0,0,"not male",12.8318518708454,0.863272535529847,0.190211577569933,4.06715889571232,3.74951348037142,1.60098036681801,1.77001985548604
"125",125,17.2657880806985,"Italy-Rome",0,0,0,1,0,0,0,0,0,0,"not male",21.6726590420276,1.20315171568145,0.347951857633568,3.43859844468528,2.67787821254119,3.83397579836996,2.75750560930403
"126",126,15.0245489882775,"Italy-Rome",0,0,0,0,1,0,0,0,0,0,"not male",11.1652909138621,1.06056167923307,-0.0287808332779354,3.24309219976295,2.93728488957324,1.27837949817975,1.7030495098146
"127",127,15.8213771419118,"Italy-Rome",0,0,0,0,0,1,0,0,0,0,"not male",14.9009774693192,0.887301868273903,0.36404270519562,3.50135210971311,3.46508481642922,2.02658704619225,2.17233641378561
"128",128,15.6800088429082,"Italy-Rome",0,0,0,0,0,0,1,0,0,0,"not male",14.2382151766632,0.788379537727121,0.389721512648357,3.23736054205845,2.65619217621082,1.91277426133459,2.22905837957469
"129",129,14.7462527425511,"Italy-Rome",-1,-1,-1,-1,-1,-1,-1,-1,-1,-1,"not male",9.86058357031216,0.609598049340435,0.401808791767495,3.16544735937288,2.96672485158297,1.17768953104827,1.39480370246229
"130",130,15.545965338661,"Italy-Rome",0,0,0,0,0,0,0,1,0,0,"not male",13.6097929574196,1.68658607991813,0.0855624674056012,3.88437065609639,3.31005109505428,1.99868091708404,1.61797076536689
"131",131,16.9072066708642,"Italy-Rome",0,0,0,0,0,0,0,0,1,0,"not male",19.9915591139623,0.207001222994786,0.622090899551822,4.19225557431317,2.95515438058832,3.16196800034761,2.88215101044824
"132",132,16.0154506396651,"Italy-Rome",0,0,0,0,0,0,0,0,0,1,"not male",15.8108320634635,0.738931057469767,0.35580469511595,2.55564342248037,3.30431290641866,2.22726133264535,2.41777392165575
"133",133,15.6470271639497,"Italy-Rome",1,0,0,0,0,0,0,0,0,0,"not male",14.0835906015903,0.935803311072846,0.317041962802779,3.16413952410463,3.11124175958253,2.04422520909664,1.93059268418571
"134",134,15.230597844559,"Italy-Rome",0,1,0,0,0,0,0,0,0,0,"not male",12.1312883358502,0.510261467006218,0.201340279417959,3.98803662053964,3.54930546967221,1.96728265843878,1.15916820616387
"135",135,13.7661839950566,"Italy-Rome",0,0,1,0,0,0,0,0,0,0,"not male",5.26582919731443,1.00289080937196,0.490616722427619,3.03192032159983,2.35649259738194,0.626031769206653,0.384109746374702
"136",136,16.6259408176459,"Italy-Rome",0,0,0,1,0,0,0,0,0,0,"not male",18.6729296684737,0.107728038628415,0.64456296760918,3.02637592758922,2.71245126325175,3.5147910025487,2.1447469549652
"137",137,14.2983452163095,"Italy-Rome",0,0,0,0,1,0,0,0,0,0,"not male",7.7607053014065,1.14294305175874,0.0397564045692896,3.266777609435,2.8107368328633,1.2911153466477,0.420031668762036
"138",138,16.2744728647678,"Italy-Rome",0,0,0,0,0,1,0,0,0,0,"not male",17.0251790207936,0.39099547059389,0.613404671151282,3.55149123398606,3.28661929915009,2.68323004152375,2.30274102365433
"139",139,17.3243750051573,"Italy-Rome",0,0,0,0,0,0,1,0,0,0,"not male",21.9473260264056,0.243298505914987,0.566214210763038,4.00281541660124,3.40829959198601,4.1764935556265,2.38574875779735
"140",140,14.3133839414473,"Italy-Rome",-1,-1,-1,-1,-1,-1,-1,-1,-1,-1,"not male",7.83120979230872,0.306142772681408,0.333679256810632,2.76287000465919,1.41117002143207,1.70498904875192,0.353533944063006
"141",141,16.2402023331665,"Italy-Rome",0,0,0,0,0,0,0,1,0,0,"not male",16.8645120519275,1.10704042878226,0.430730047907097,3.11923117464911,3.32661131640258,2.20414106776891,2.75340104779753
"142",142,15.3745466545166,"Italy-Rome",0,0,0,0,0,0,0,0,1,0,"not male",12.8061485696156,0.727419942577992,0.461309915211794,3.55202097544244,3.35069266697443,2.05010080188547,1.38996172491937
"143",143,14.1982145450874,"Italy-Rome",0,0,0,0,0,0,0,0,0,1,"not male",7.2912730899975,0.78771565446656,0.461493445575335,4.12156674725874,5.03939362217661,1.38498777077662,-0.276508893557427
"144",144,14.249828446904,"Italy-Rome",1,0,0,0,0,0,0,0,0,0,"not male",7.53324917757883,1.18081463788198,0.0832212109648399,4.38368396064283,3.92209945753816,0.771847209649317,0.630372583676654
"145",145,14.17182051613,"Italy-Rome",0,1,0,0,0,0,0,0,0,0,"not male",7.16753270925096,0.553266604349516,0.578048157063513,3.48035147654845,3.15669020846151,0.304205038334393,1.33624800480049
"146",146,15.1332459430911,"Italy-Rome",0,0,1,0,0,0,0,0,0,0,"not male",11.674883541663,0.886491878027904,0.24782683899145,3.38734069259446,3.03554450099145,1.3907452214753,1.76629598331621
"147",147,14.2973434846737,"Italy-Rome",0,0,0,1,0,0,0,0,0,0,"not male",7.75600898716726,1.15455368903594,0.275866871387318,3.54388472490011,2.68026354257636,0.740132597163639,1.06021117311335
"148",148,16.2277492621323,"Italy-Rome",0,0,0,0,1,0,0,0,0,0,"not male",16.8061296142282,1.50194627347979,0.0436830692796051,2.6023970312876,3.02960962086868,2.20806322709095,2.77074069185284
"149",149,17.4958978285921,"Italy-Rome",0,0,0,0,0,1,0,0,0,0,"not male",22.7514586396131,1.23506793429942,1.83627522415408e-05,3.70334021524194,3.58016627718106,3.92708945397858,2.85340988299207
"150",150,14.4542466325204,"Italy-Rome",0,0,0,0,0,0,1,0,0,0,"not male",8.4916016958919,1.53301564733497,0.0175690980647381,3.1284683901723,1.98682194179845,0.822103736596284,1.35427268279935
"151",151,16.3173894850327,"Italy-Rome",-1,-1,-1,-1,-1,-1,-1,-1,-1,-1,"not male",17.2263805478705,1.3799950878469,0.292810433240673,4.08834946710136,3.83996887081361,2.78691374609236,2.00297016321144
"152",152,16.3005999324188,"Italy-Rome",0,0,0,0,0,0,0,1,0,0,"not male",17.1476678346138,1.21907451074323,0.193119956344657,4.40234938380332,3.94787469808484,2.51480067261572,2.24639886728444
"153",153,15.9083179158972,"Italy-Rome",0,0,0,0,0,0,0,0,1,0,"not male",15.30857285738,0.18064365047995,0.523678211825031,3.77578604340143,4.4753655520791,1.40377878195942,2.91584700425139
"154",154,14.7044778057672,"Italy-Rome",0,0,0,0,0,0,0,0,0,1,"not male",9.6647344791538,0.118617276206664,0.427262352351027,2.28889108249939,3.22491081940836,1.0211204579003,1.58878703664404
"155",155,15.5027315592457,"Italy-Rome",1,0,0,0,0,0,0,0,0,0,"not male",13.4071045260849,0.961026331936797,0.406889597505728,3.71456146804692,3.1890584133789,1.63687360247498,2.07993804383868
"156",156,15.3582049890171,"Italy-Rome",0,1,0,0,0,0,0,0,0,0,"not male",12.7295356389333,1.1334106929507,0.211629779835905,3.11528809082688,2.6117721916874,2.29533984215487,1.19757792606011
"157",157,16.115564600832,"Italy-Rome",0,0,1,0,0,0,0,0,0,0,"not male",16.2801859348582,0.861545983716799,0.299364163996719,3.5822872792269,3.54204681177706,2.75807514288325,1.8278886594991
"158",158,15.2755499970188,"Italy-Rome",0,0,0,1,0,0,0,0,0,0,"not male",12.3420328368029,1.07483902057635,0.311843762321001,2.61256941403235,4.31453115178877,0.925403966677215,2.39552188616384
"159",159,16.4873221012437,"Italy-Rome",0,0,0,0,1,0,0,0,0,0,"not male",18.0230579579465,0.868382888306632,0.456069979844377,4.62660949444975,3.07851624279735,3.11677568640617,2.05815727103595
"160",160,15.2736263897252,"Italy-Rome",0,0,0,0,0,1,0,0,0,0,"not male",12.3330145888009,0.95265415326257,0.0224593678571371,4.41741119101629,4.40071788535971,1.52062170608112,1.51034924904657
"161",161,16.5553348960902,"Kenya",0,0,0,0,0,0,1,0,0,0,"not male",18.341915270089,1.24891892343112,-0.0668833537995604,4.37561858225357,3.96470057093458,2.39376270360176,2.81859746401561
"162",162,14.6678390480139,"Kenya",-1,-1,-1,-1,-1,-1,-1,-1,-1,-1,"not male",9.49296480193586,0.99284364301524,0.426676456455971,4.07487493295065,4.13652932613807,0.741838577819014,1.43383171005885
"163",163,14.4783805902072,"Kenya",0,0,0,0,0,0,0,1,0,0,"not male",8.60474641956835,0.96781611234156,0.524021602382768,2.96323480659309,2.36607696992492,0.732000592887911,1.53163520640645
"164",164,18.5204538615783,"Kenya",0,0,0,0,0,0,0,0,1,0,"not male",27.5547781261075,1.02286834893531,0.22834300333814,4.24809334419765,3.88431624189573,4.53328942517098,3.89372611895857
"165",165,15.2356618858319,"Kenya",0,0,0,0,0,0,0,0,0,1,"not male",12.1550295538446,0.829059351190185,0.26663750495233,2.47136801702026,3.03063231594088,2.13427354794008,1.18807307707766
"166",166,15.8778083772036,"Kenya",1,0,0,0,0,0,0,0,0,0,"not male",15.1655381603864,0.795874081890108,0.358440139839482,2.76665294155774,2.28317718793437,2.501945624971,2.00833895061824
"167",167,16.1816395672824,"Kenya",0,1,0,0,0,0,0,0,0,0,"not male",16.5899583276825,0.743962986360941,0.196155399119372,2.81318206383211,3.95470757722706,2.91921196324473,1.76829536991238
"168",168,15.1755649981135,"Kenya",0,0,1,0,0,0,0,0,0,0,"not male",11.8732835657662,0.139629459115173,0.671807051300527,3.19069733148961,3.21791301880908,1.47804615108181,1.82053227001475
"169",169,16.0741421157936,"Kenya",0,0,0,1,0,0,0,0,0,0,"not male",16.0859892065603,1.06683193549579,0.347411400873189,4.68833778752387,4.30878046723829,1.85778863586223,2.53484810975859
"170",170,15.9413301455918,"Kenya",0,0,0,0,1,0,0,0,0,0,"not male",15.4633406602912,0.529841496004113,0.271646326588964,4.14123157970393,3.79407444883035,1.44299203890672,2.96461782020113
"171",171,15.4165883041378,"Kenya",0,0,0,0,0,1,0,0,0,0,"not male",13.0032480628285,0.339224586262434,0.57429140391935,3.47053653400381,3.2751127944991,1.75075404836805,1.87179601753118
"172",172,15.6686331441057,"Kenya",0,0,0,0,0,0,1,0,0,0,"not male",14.1848836711416,0.78982316290916,0.368175581918442,3.6205233272097,2.89913803158647,2.42653298976807,1.53674379997492
"173",173,15.5794076061429,"Kenya",-1,-1,-1,-1,-1,-1,-1,-1,-1,-1,"not male",13.7665768617611,0.972705303890512,0.288163872062837,3.63181998982503,3.90418728209696,1.58366808036001,2.15394188391987
"174",174,17.5213498053165,"Kenya",0,0,0,0,0,0,0,1,0,0,"not male",22.8707824948581,0.926205724701628,0.278622438759072,2.13660580252641,1.83221072720509,3.55025837012262,3.83055586859747
"175",175,14.944280185547,"Kenya",0,0,0,0,0,0,0,0,1,0,"not male",10.7889750346914,1.43477080059562,0.33600034398364,3.36823479762735,3.57669203574636,1.54003330432715,1.12371262142686
"176",176,14.625795352167,"Kenya",0,0,0,0,0,0,0,0,0,1,"not male",9.29585571561567,0.996343247414043,0.157060881696323,3.43174030990274,2.99524055757259,1.78242743012715,0.40545528929407
"177",177,15.6439339824556,"Kenya",1,0,0,0,0,0,0,0,0,0,"not male",14.0690891605102,1.31718183868449,0.0221801501223208,3.27090762375758,2.69770730171833,1.80906075514708,2.20525278574148
"178",178,15.8888117129999,"Kenya",0,1,0,0,0,0,0,0,0,0,"not male",15.2171239551556,0.877598353592947,0.226964914960986,3.93148152056967,3.07665017530677,1.81634895837667,2.55168132156908
"179",179,16.0019980840613,"Kenya",0,0,1,0,0,0,0,0,0,0,"not male",15.7477638462119,0.914027742160375,0.318555768398383,3.69054882701235,3.82257171362801,2.45095595375644,1.91803497176503
"180",180,15.1983879312254,"Kenya",0,0,0,1,0,0,0,0,0,0,"not male",11.9802819492862,1.18593037252359,0.162970022860686,2.54007264028343,2.70050025409191,1.58440370793239,1.76696236586618
"181",181,14.6551331316939,"Kenya",0,0,0,0,1,0,0,0,0,0,"not male",9.43339697598129,0.822204823930259,0.525181336330023,2.7410303803126,1.98625291075949,1.44260593676641,1.12657208518859
"182",182,16.7443402881284,"Kenya",0,0,0,0,0,1,0,0,0,0,"not male",19.2280095913368,0.352315428174128,0.480371104762208,3.43342775485477,3.62269654768896,2.77533113799871,2.97728737409828
"183",183,15.2960139516177,"Kenya",0,0,0,0,0,0,1,0,0,0,"not male",12.4379718667155,0.440476957683115,0.599981919490171,2.52807072472143,3.31573573991547,1.91930804425532,1.54188493768352
"184",184,14.8327694493373,"Kenya",-1,-1,-1,-1,-1,-1,-1,-1,-1,-1,"not male",10.2661908482293,1.07769145820821,0.0436369822009238,2.70294197310779,3.63452008648913,1.54608487078887,0.990910405854178
"185",185,15.3978209470909,"Kenya",0,0,0,0,0,0,0,1,0,0,"not male",12.915263014758,0.711799400374432,0.501407520130212,3.23464685107602,2.42382750506322,1.87846212019322,1.82313906393781
"186",186,15.432936046875,"Kenya",0,0,0,0,0,0,0,0,1,0,"not male",13.0798894847926,1.22202717487559,0.386816485912992,3.73502535005999,4.15247293071223,1.92944280971733,1.42669092943298
"187",187,16.6067084201628,"Kenya",0,0,0,0,0,0,0,0,0,1,"not male",18.5827644196944,0.863003720536933,0.28946440278135,2.80594961872854,1.59418509178223,3.26441592172548,2.52422104648624
"188",188,15.6860940883931,"Kenya",1,0,0,0,0,0,0,0,0,0,"not male",14.2667440001502,0.848824575241571,0.503388675521526,3.55169312241452,3.83195804969251,2.2028972570389,1.67332987133563
"189",189,16.2871402990957,"Kenya",0,1,0,0,0,0,0,0,0,0,"not male",17.0845664356268,1.0489767856625,0.31452941255015,4.18668762421405,4.35126839230152,2.51837069247411,2.19245716215875
"190",190,15.1616357685793,"Kenya",0,0,1,0,0,0,0,0,0,0,"not male",11.8079806077048,1.05284255637859,0.120542682273686,3.43470314730348,3.51399838000776,1.55810199812654,1.51439023737797
"191",191,15.8025718880043,"Kenya",0,0,0,1,0,0,0,0,0,0,"not male",14.8128147533385,1.0509681814079,-0.00136816046363314,3.6145765837611,3.0524578995905,1.6117302717637,2.64126498432132
"192",192,15.3184320514812,"Kenya",0,0,0,0,1,0,0,0,0,0,"not male",12.5430723126236,1.15214255404248,0.211295385584998,2.27501946250034,2.29972171113898,2.45024058947883,1.08311595382721
"193",193,15.6949360082999,"Kenya",0,0,0,0,0,1,0,0,0,0,"not male",14.3081966536107,0.768069279325431,0.231291047848177,3.13411025801658,2.60943051986516,2.25006170576362,1.8782303536545
"194",194,14.8059637045362,"Kenya",0,0,0,0,0,0,1,0,0,0,"not male",10.1405202629145,0.659709122103658,0.583834682295773,3.55563857618389,2.98928088202975,1.11513438573286,1.53600077990821
"195",195,14.4329002230715,"Kenya",-1,-1,-1,-1,-1,-1,-1,-1,-1,-1,"not male",8.39152554468924,1.02768379460012,0.0279557945979377,3.89829900344777,4.12741969206553,0.262666807087279,1.56335845064396
"196",196,17.4034976195037,"Kenya",0,0,0,0,0,0,0,1,0,0,"not male",22.3182683497889,1.42567563862825,0.0260026526618413,3.84597310973244,4.12475625786486,3.35473692260715,3.22526090244625
"197",197,16.1494365236578,"Kenya",0,0,0,0,0,0,0,0,1,0,"not male",16.4389841476609,1.77863819365955,-0.0222641679929888,2.78906360159559,3.79652926531647,2.53828277585776,2.0726679682444
"198",198,14.4863583172608,"Kenya",0,0,0,0,0,0,0,0,0,1,"not male",8.64214756755899,0.546277323242685,0.432996160665438,2.72582320609248,1.08340292812053,1.34701265185669,1.11527563959024
"199",199,15.061173006821,"Kenya",1,0,0,0,0,0,0,0,0,0,"not male",11.3369914907754,0.82398819321264,0.409772063445141,3.39118696817406,5.04266249333707,1.34867828649911,1.35593073495348
"200",200,14.5454388840316,"Kenya",0,1,0,0,0,0,0,0,0,0,"not male",8.91912884384532,1.19856782208719,0.178376438971484,3.03270302341787,2.20367639828558,0.814686909224485,1.53568867687892
"201",201,17.5845316932976,"Kenya",0,0,1,0,0,0,0,0,0,0,"not male",23.1669915688005,1.59796173133776,-0.0690681575489936,3.6515842677182,3.9076500642591,3.7655496449905,3.10771282610517
"202",202,16.7885468528373,"Philippines",0,0,0,1,0,0,0,0,0,0,"not male",19.4352586307851,0.752890164636446,0.215161165661469,3.59210675763185,1.8064858292819,3.05101041248371,2.98390305059975
"203",203,15.3718997390867,"Philippines",0,0,0,0,1,0,0,0,0,0,"not male",12.7937393113084,1.37246200895767,0.139741381117543,4.07675202009605,3.88651640428731,1.65416437014106,1.62047132577698
"204",204,16.0977882651904,"Philippines",0,0,0,0,0,1,0,0,0,0,"not male",16.1968469893671,0.748181987845895,0.403035413169602,3.20865515767473,3.41426207586186,2.21521420660233,2.49623433308613
"205",205,15.2379227267689,"Philippines",0,0,0,0,0,0,1,0,0,0,"not male",12.1656288192616,0.651253952917108,0.3856991288365,3.7753765099384,4.13540216821927,1.23850137731537,1.92850111898996
"206",206,15.1823302886352,"Philippines",-1,-1,-1,-1,-1,-1,-1,-1,-1,-1,"not male",11.9050005736684,1.01940562115073,0.13595858527806,2.82985345578267,2.67475356937786,1.64254012300106,1.66143444423959
"207",207,14.9018346516105,"Philippines",0,0,0,0,0,0,0,1,0,0,"not male",10.5899820526505,0.767509513573563,0.132060466716732,2.92637038696129,2.02821001120908,1.55296905851367,1.3933221227617
"208",208,15.0760336938214,"Philippines",0,0,0,0,0,0,0,0,1,0,"not male",11.4066613039955,0.99692856460701,0.0850942927176755,3.11556267511833,1.48183034001892,1.14462211195655,2.22352483975385
"209",209,17.0925149056683,"Philippines",0,0,0,0,0,0,0,0,0,1,"not male",20.8603204374875,0.813792458397088,0.200377634556864,3.64189156443598,2.66627963221873,3.27566065980661,3.10336466660398
"210",210,15.5614827436733,"Philippines",1,0,0,0,0,0,0,0,0,0,"not male",13.6825415933903,1.61182718279315,0.235536434840785,2.50313325061992,1.98103507218041,1.53170616217903,2.56238947403836
"211",211,15.717082222312,"Philippines",0,1,0,0,0,0,0,0,0,0,"not male",14.4120224453601,1.01567942586252,0.125478757341429,2.66162262404374,2.53710828389432,2.25947478217856,1.9366444094651
"212",212,15.82883131178,"Philippines",0,0,1,0,0,0,0,0,0,0,"not male",14.9359240786122,0.761736918240325,0.255098290526095,3.25658736701441,3.58823334593758,2.00905859535017,2.21379052659754
"213",213,16.7167633388798,"Philippines",0,0,0,1,0,0,0,0,0,0,"not male",19.0987234484233,1.27726577562378,0.184111502812077,3.43975335508173,2.94053073468466,3.59653280886817,1.9987049920488
"214",214,15.1465746798116,"Philippines",0,0,0,0,1,0,0,0,0,0,"not male",11.7373712717225,0.593170683269675,0.491229936896509,4.01689083797998,3.84332154666282,1.61370056329686,1.3729103746027
"215",215,14.7187285789479,"Philippines",0,0,0,0,0,1,0,0,0,0,"not male",9.73154489684952,0.939766199830474,0.448467625479936,3.54458269851402,3.24012092294318,1.26927263247272,1.12892876383727
"216",216,17.1147758452981,"Philippines",0,0,0,0,0,0,1,0,0,0,"not male",20.9646840854174,1.46099845523404,0.0241768147764762,2.9247632072734,2.5816952785069,3.70236352839715,2.66707539549095
"217",217,15.2138354312191,"Philippines",-1,-1,-1,-1,-1,-1,-1,-1,-1,-1,"not male",12.0527028568287,0.671516668153837,0.376768394071455,2.74160594236231,3.12870391879476,2.17183344951245,1.08349374396724
"218",218,14.960686758994,"Philippines",0,0,0,0,0,0,0,1,0,0,"not male",10.8658922665531,1.37588147077853,0.312432185907244,3.33428659201716,2.73664795669463,1.1414568427286,1.76373675790082
"219",219,14.4998267392428,"Philippines",0,0,0,0,0,0,0,0,1,0,"not male",8.70529016950134,1.00191480702398,0.449179119661541,3.87375804103877,3.83452092348148,0.66714078144343,1.29487363700938
"220",220,14.4563252813586,"Philippines",0,0,0,0,0,0,0,0,0,1,"not male",8.50134680904208,0.0292147273408463,0.653900342268773,3.89001286701697,3.50400647597754,1.50214363817786,0.41235079837946
"221",221,15.0945718155904,"Philippines",1,0,0,0,0,0,0,0,0,0,"not male",11.4935716521555,0.820236577307279,0.455813344086144,4.2719902109722,3.45302836679427,1.34983915128447,1.60428885411858
"222",222,16.1649512638155,"Philippines",0,1,0,0,0,0,0,0,0,0,"not male",16.5117202902711,1.10482043657666,0.222148409760144,3.67252634779604,2.80912917595905,2.93778289715571,1.7991678299635
"223",223,16.6066436287589,"Philippines",0,0,1,0,0,0,0,0,0,0,"not male",18.5824606648941,1.56926835322088,-0.170132981093656,3.79109543714856,4.07415312600683,3.21973566574655,1.96155453817828
"224",224,16.2454143417444,"Philippines",0,0,0,1,0,0,0,0,0,0,"not male",16.8889469696478,0.731990397331679,0.417849828721432,3.15635459777296,3.06703057407807,2.44042866286664,2.56522731215589
"225",225,15.2834357472085,"Philippines",0,0,0,0,1,0,0,0,0,0,"not male",12.379002779229,1.0304731481744,0.197573940708853,3.52787209286941,4.21717734593437,1.96848299637177,1.13338578576976
"226",226,15.6636554437714,"Philippines",0,0,0,0,0,1,0,0,0,0,"not male",14.1615472363892,0.472521661543555,0.428661889270484,2.89273796909999,1.93329132130668,1.83159268198686,2.48292987938014
"227",227,14.9772723756153,"Philippines",0,0,0,0,0,0,1,0,0,0,"not male",10.9436488879069,0.440243858235453,0.643834003449054,2.82134206572646,3.18292966462004,1.55982045105349,1.38883057874053
"228",228,14.9659380909065,"Philippines",-1,-1,-1,-1,-1,-1,-1,-1,-1,-1,"not male",10.8905115397734,0.705001570047139,0.226241700646708,4.05837764822332,3.49759664314978,1.21117760560854,1.54733955486902
"229",229,16.4044161480813,"Philippines",0,0,0,0,0,0,0,1,0,0,"not male",17.6343786006928,1.57129963534966,-0.138070397954274,3.84645486748904,2.81806646719483,2.88790385851427,2.19861059215196
"230",230,14.697997864414,"Philippines",0,0,0,0,0,0,0,0,1,0,"not male",9.63435524407908,1.34135859252408,-0.0701461861196344,4.16411301031952,2.91127097023472,1.60983688659941,0.630370875220712
"231",231,17.3658539810122,"Philippines",0,0,0,0,0,0,0,0,0,1,"not male",22.1417875947233,1.2274187359765,0.182290827669164,2.95533623519444,3.50460449813433,3.25678434350283,3.49233356192118
"232",232,15.5288930046187,"Philippines",1,0,0,0,0,0,0,0,0,0,"not male",13.5297545094038,1.40233150066938,0.248207157292408,3.12709027737982,3.15542978532392,1.90760285550693,1.82848094824091
"233",233,15.802655866313,"Philippines",0,1,0,0,0,0,0,0,0,0,"not male",14.813208460109,0.88251519497235,0.217558897548742,4.00305239283755,3.95291863368051,2.21806351370317,1.77786946474368
"234",234,14.9468021211439,"Philippines",0,0,1,0,0,0,0,0,0,0,"not male",10.8007983630464,1.26281217897786,0.0471966931997603,3.77136050027016,3.66141018582646,1.3784405714411,1.25970965041804
"235",235,15.0941989565926,"Philippines",0,0,0,1,0,0,0,0,0,0,"not male",11.4918236160966,0.769227568367631,0.0452075524856502,2.67478340606661,3.38277206328251,1.15942662979594,1.97280586165989
"236",236,14.4273195131899,"Philippines",0,0,0,0,1,0,0,0,0,0,"not male",8.36536208299493,0.157169708525554,0.427655912798494,2.39915187888709,2.20368264626695,1.43944436681075,0.778688889800044
"237",237,15.4457330012413,"Philippines",0,0,0,0,0,1,0,0,0,0,"not male",13.1398841149508,0.62360892333431,0.477460362318763,3.44165750235483,2.23640719436351,2.23420993718667,1.51702698941501
"238",238,15.9862461996222,"Philippines",0,0,0,0,0,0,1,0,0,0,"not male",15.673915924732,1.19635457250817,0.266595651160949,4.24994943762776,3.41406789518119,2.51406345513068,1.80444595315468
"239",239,15.9012253010569,"Philippines",-1,-1,-1,-1,-1,-1,-1,-1,-1,-1,"not male",15.2753212889194,0.83796484919988,0.226802877554943,2.80926767115787,2.89586514260178,2.97418148007578,1.38506951157824
"240",240,14.9081802346248,"Philippines",0,0,0,0,0,0,0,1,0,0,"not male",10.6197313894995,0.679191238503997,0.15062133575448,3.23341085199552,3.35800916361191,1.13914782005554,1.6309929272754
"241",241,14.9018174701731,"Philippines",0,0,0,0,0,0,0,0,1,0,"not male",10.5899015027047,0.610726282186824,0.578553059403977,3.54350454818864,2.85909048957584,1.37205313549475,1.4374910199792
"242",242,15.1590255509281,"Philippines",0,0,0,0,0,0,0,0,0,1,"not male",11.7957433957766,0.134901089746617,0.737923504357779,3.37757219724089,3.12265664270821,1.60966407945304,1.64202135049283
"243",243,16.953462481522,"Philippines",1,0,0,0,0,0,0,0,0,0,"not male",20.2084154200531,1.05673761825109,0.0108977566947536,3.10678580732842,1.19037254483435,3.33430841680021,3.06370454957293
"244",244,14.5887013486422,"Philippines",0,1,0,0,0,0,0,0,0,0,"not male",9.12195175699721,0.835071446737453,0.0838449751977174,4.16840458827322,3.78626799612835,1.25068276934158,0.754399885034529
"245",245,15.4492116682466,"Philippines",0,0,1,0,0,0,0,0,0,0,"not male",13.1561927876594,1.0852564796964,0.174308844465553,3.23969067991527,3.2299929274968,2.23029063082469,1.31703518362771
"246",246,17.3183209158677,"Philippines",0,0,0,1,0,0,0,0,0,0,"not male",21.9189432692683,0.752572016824001,0.52734849091322,4.48322993242365,4.74218621151434,3.0574032749642,3.33798160126316
"247",247,15.5193245529747,"Philippines",0,0,0,0,1,0,0,0,0,0,"not male",13.4848957327657,0.522456439641431,0.522145484846386,3.8241176465549,2.50334669590178,2.50946884378623,1.25859735366659
"248",248,14.3888630479684,"Philippines",0,0,0,0,0,1,0,0,0,0,"not male",8.18507063691193,0.618903020163147,0.293607340055285,2.5488745256563,2.57935011626436,0.933198954474454,1.16444534062065
"249",249,15.0130370471239,"Philippines",0,0,0,0,0,0,1,0,0,0,"not male",11.1113206774962,0.0579101359674423,0.409087358909186,2.57693541192634,2.40165857676753,1.96162147685237,1.16973980353877
"250",250,16.0459430610566,"Philippines",-1,-1,-1,-1,-1,-1,-1,-1,-1,-1,"not male",15.9537865111895,0.491944572160634,0.453983236029359,4.81496409331215,4.46617950288724,2.14547744114545,2.17280142556298
"251",251,15.2727086212405,"Philippines",0,0,0,0,0,0,0,1,0,0,"not male",12.3287119102703,1.22136628526138,0.222925275266058,3.27855412105861,2.85784207175926,2.05448697932984,1.25793257522889
"252",252,15.1054350255323,"Philippines",0,0,0,0,0,0,0,0,1,0,"not male",11.5445005094554,1.04350738533712,0.199199175186198,2.42955816827662,2.22283051716452,1.93790573760607,1.30374274226054
"253",253,15.3011623237526,"Philippines",0,0,0,0,0,0,0,0,0,1,"not male",12.4621084443192,0.557758195834557,0.435837083946312,3.3431066265952,3.77144448742539,1.1043307562214,2.31115632002489
"254",254,15.691265989131,"Philippines",1,0,0,0,0,0,0,0,0,0,"not male",14.2909908844561,0.979802378113428,0.36833119250993,3.73382230732715,3.3306341747973,1.8301705864061,2.16061334949154
"255",255,17.045460876489,"Philippines",0,1,0,0,0,0,0,0,0,0,"not male",20.6397219265239,0.625345705021969,0.304397779992163,4.0848075891544,3.19306036267009,4.05130923074668,2.01609988748429
"256",256,15.5304685292993,"Philippines",0,0,1,0,0,0,0,0,0,0,"not male",13.5371408778953,0.953171896409031,0.094085015473322,3.14388498902776,3.07393880569686,1.95727985534767,1.81888859426162
"257",257,16.5805579475441,"Philippines",0,0,0,1,0,0,0,0,0,0,"not male",18.4601658787979,1.0905956271847,0.194821713990247,3.92156284694924,2.48288709379099,3.03720779191636,2.45122723273223
"258",258,16.1764171958542,"Philippines",0,0,0,0,1,0,0,0,0,0,"not male",16.5654748268889,0.574669726752002,0.354014835940098,3.39753592150995,2.1627670627991,3.02253475087342,1.91599919974831
"259",259,15.5079513738355,"Philippines",0,0,0,0,0,1,0,0,0,0,"not male",13.4315760399191,0.606015896957105,0.388602590179046,3.29673981289523,3.49325415505851,1.88859422060266,1.81924524607867
"260",260,14.2334540014042,"Philippines",0,0,0,0,0,0,1,0,0,0,"not male",7.45648256783058,0.56114683088174,0.40350982156393,3.95398454270415,2.58037120102098,0.780059445941761,0.939792919310869
"261",261,15.1420366488378,"Philippines",-1,-1,-1,-1,-1,-1,-1,-1,-1,-1,"not male",11.7160960931039,0.968662249770585,0.311062050246946,2.74477366209533,1.19054244739072,1.90918065659885,1.56167327326671
"262",262,15.1700963330817,"Philippines",0,0,0,0,0,0,0,1,0,0,"not male",11.847645392287,1.11376617800786,0.0668330591813584,3.18223726025259,2.92659995750126,0.942147801201198,2.35584414200523
"263",263,15.6523446806199,"Philippines",0,0,0,0,0,0,0,0,1,0,"not male",14.108520161926,1.04789281609411,0.174586681878375,3.54769807370189,2.97651992795454,2.92725026938493,0.890754820560177
"264",264,16.7775784125448,"Philippines",0,0,0,0,0,0,0,0,0,1,"not male",19.3838364329773,1.01512268123586,0.282536275999004,4.76019355526182,3.99543816468511,2.58194700961468,2.99301000816475
"265",265,17.6691849185003,"Philippines",1,0,0,0,0,0,0,0,0,0,"not male",23.5638624798289,0.356197465128676,0.427210949344547,3.62317176748555,3.62607975042949,3.92873301815811,3.26222914706877
"266",266,16.9997277909674,"Philippines",0,1,0,0,0,0,0,0,0,0,"not male",20.4253162583217,1.31978790029115,-0.0319707696107484,3.92155334471765,3.39173846376156,2.93717745902711,3.11735396180439
"267",267,15.4904304340326,"Philippines",0,0,1,0,0,0,0,0,0,0,"not male",13.3494344401751,0.891489407385047,0.297929613821137,3.54725815848168,3.20006620866622,2.1037364465961,1.53536497857474
"268",268,14.0326383987892,"Philippines",0,0,0,1,0,0,0,0,0,0,"not male",6.51501966470235,1.014576430571,0.577538239966737,3.68876859686472,3.39489533404381,0.869781030813323,0.335307714277029
"269",269,15.2608756820636,"Thailand",0,0,0,0,1,0,0,0,0,0,"not male",12.273236772258,1.2141216862818,-0.0771584387841484,3.46428423195266,3.7730835906906,2.35003276866216,0.704697874944888
"270",270,15.6901080863198,"Thailand",0,0,0,0,0,1,0,0,0,0,"not male",14.2855624091386,0.728636379026747,0.44874922524013,3.89302846468018,3.752414424899,2.13621927244283,1.74543889054105
"271",271,16.3688216776526,"Thailand",0,0,0,0,0,0,1,0,0,0,"not male",17.4675047471239,1.54210971972598,0.0516416825656767,3.4307336471803,3.57372384113028,1.7366864907574,3.38494106715582
"272",272,16.4743501156989,"Thailand",-1,-1,-1,-1,-1,-1,-1,-1,-1,-1,"not male",17.9622427473188,0.567429194392718,0.24322816474575,2.37242629890528,2.82022686011589,2.54988951446002,2.96846881461071
"273",273,16.224509867616,"Thailand",0,0,0,0,0,0,0,1,0,0,"not male",16.7909426978433,0.742942565395686,0.611384389457867,2.92731883873893,2.76135964232312,2.02579693089893,3.09058222815963
"274",274,14.3570436338801,"Thailand",0,0,0,0,0,0,0,0,1,0,"not male",8.03589498734424,0.854757906740906,0.462663932791945,3.29044585186369,3.52532153487805,0.615312285886194,1.22660026845191
"275",275,16.3729794549788,"Thailand",0,0,0,0,0,0,0,0,0,1,"not male",17.4869972221164,1.32990934283634,0.171091838580377,3.98467594337437,4.68131539647129,2.15488239017889,2.69191103988068
"276",276,15.2089916196484,"Thailand",1,0,0,0,0,0,0,0,0,0,"not male",12.0299941188414,0.967542694163237,0.423550764654603,3.5776216531899,3.9602659329958,1.31371104760866,1.81346442738033
"277",277,15.7669728247448,"Thailand",0,1,0,0,0,0,0,0,0,0,"not male",14.6459193676789,0.531606176701611,0.310636606876299,3.27921252774437,3.9119048418123,1.998521502503,2.08272583513503
"278",278,15.676946957102,"Thailand",0,0,1,0,0,0,0,0,0,0,"not male",14.2238604559014,0.781744935162331,0.177844104847399,3.49296079487638,3.15975955602674,2.32088523842876,1.63071489741726
"279",279,15.9944937549435,"Thailand",0,0,0,1,0,0,0,0,0,0,"not male",15.7125820805258,0.037441011315446,0.597844401545714,3.96086314860596,3.8085101645962,2.53177799136631,1.88353374974151
"280",280,15.6321581345779,"Thailand",0,0,0,0,1,0,0,0,0,0,"not male",14.0138816776981,0.432361587992905,0.554543127088162,2.0563064804899,2.23605618423116,2.86187637493167,1.28139167410476
"281",281,14.1126073623681,"Thailand",0,0,0,0,0,1,0,0,0,0,"not male",6.88992983916436,1.11220848217067,0.259312522563525,3.60317203565313,3.14035724301859,0.725182577535214,0.668632853220944
"282",282,16.2713733763666,"Thailand",0,0,0,0,0,0,1,0,0,0,"not male",17.0106480116962,0.996915629173665,0.300578650800544,3.56392660854638,4.51028169445032,2.21695636653339,2.54911135449087
"283",283,15.956651858378,"Thailand",-1,-1,-1,-1,-1,-1,-1,-1,-1,-1,"not male",15.5351718527521,1.34768933005126,0.155331376083556,3.63906313274941,3.30968403474625,1.92155605775161,2.49195653724589
"284",284,15.3714448405002,"Thailand",0,0,0,0,0,0,0,1,0,0,"not male",12.7916066575787,1.06377119509851,0.143623569598611,3.23768887517864,4.30652520627076,1.77251868189087,1.52155662705516
"285",285,15.7160937709199,"Thailand",0,0,0,0,0,0,0,0,1,0,"not male",14.4073883915065,1.19056576670416,0.0394327161086527,3.5882365915859,2.99396103314867,2.3276289013152,1.66626201190265
"286",286,15.7303667035409,"Thailand",0,0,0,0,0,0,0,0,0,1,"not male",14.4743026970012,1.35184974985209,0.170184165820964,3.43645557834285,3.06455907200922,0.898723604133362,3.33197024438891
"287",287,15.8084754827678,"Thailand",1,0,0,0,0,0,0,0,0,0,"not male",14.8404919626418,0.215192718319576,0.561248350389048,3.1080764859836,3.29896179530791,1.98876883896217,2.3326861986086
"288",288,17.0834798570478,"Thailand",0,1,0,0,0,0,0,0,0,0,"not male",20.8179623587652,1.27425668159515,0.394756611703326,3.86866872881156,4.84944848495295,2.68090750809286,3.34267599284865
"289",289,15.4132927597177,"Thailand",0,0,1,0,0,0,0,0,0,0,"not male",12.9877979046901,1.48524082334744,0.0141991944084614,3.01876861682351,3.18437621738482,2.02709759309776,1.47137001206501
"290",290,15.7609227147284,"Thailand",0,0,0,1,0,0,0,0,0,0,"not male",14.6175552661544,0.78305082594185,0.449973994856353,3.29478802452521,3.12402157821813,2.21564916109264,1.94107493429577
"291",291,16.659208718016,"Thailand",0,0,0,0,1,0,0,0,0,0,"not male",18.8288961056209,1.26492247690555,-0.0365546237434634,3.99565524786571,4.45223213592103,2.67156316256003,2.63584126713698
"292",292,16.5566545589925,"Thailand",0,0,0,0,0,1,0,0,0,0,"not male",18.3481021084168,0.82324268718695,0.182140980118235,2.33362201874354,3.23246515171596,2.34289313267474,3.25828966817564
"293",293,16.6384462731216,"Thailand",0,0,0,0,0,0,1,0,0,0,"not male",18.7315576947013,1.37434261731928,0.343775958893393,3.64764594989523,2.52041210504512,3.05860909844967,2.53169345611475
"294",294,15.0914337350485,"Thailand",-1,-1,-1,-1,-1,-1,-1,-1,-1,-1,"not male",11.4788597155393,0.673881511143755,0.310211090256642,2.76529834476985,1.40996421830768,1.41222147817632,2.03147379436963
"295",295,17.408229491803,"Thailand",0,0,0,0,0,0,0,1,0,0,"not male",22.3404522945328,0.90079054580303,0.323850566340499,4.11564708410136,3.01931462646752,4.34745170650804,2.31943830079577
"296",296,15.6698973820953,"Thailand",0,0,0,0,0,0,0,0,1,0,"not male",14.1908106666161,0.910646344800947,0.296504428777456,3.13301101676524,3.4257220656911,2.31211529614777,1.61260849351523
"297",297,17.2864329565468,"Thailand",0,0,0,0,0,0,0,0,0,1,"not male",21.7694462662159,1.09032876525433,0.0609866761423235,3.66073852814693,3.30042113257558,3.96111752967437,2.51285246792858
"298",298,14.3968893879444,"Thailand",1,0,0,0,0,0,0,0,0,0,"not male",8.2226996918107,0.804978154666645,0.267398783320072,3.35485244390075,3.07154776732718,0.582133696896874,1.40072591281055
"299",299,15.6288432605461,"Thailand",0,1,0,0,0,0,0,0,0,0,"not male",13.9983408985513,1.03373567562796,0.306694167106013,3.64783281290539,4.93489422672044,2.03475547237942,1.53831634151669
"300",300,16.7324232847304,"Thailand",0,0,1,0,0,0,0,0,0,0,"not male",19.1721403437804,1.3551861954652,0.0113951946557748,4.42838652100671,4.42302444804339,3.01098302364254,2.33165375102263
"301",301,14.9677125158739,"Thailand",0,0,0,1,0,0,0,0,0,0,"not male",10.898830391792,0.533112725722944,0.524820523711708,2.77402046763245,3.73293470882303,1.02599016489725,1.88126003384052
"302",302,14.9340853065405,"Thailand",0,0,0,0,1,0,0,0,0,0,"not male",10.7411794438033,1.46447639759166,-0.109927300663914,3.97648477980686,3.30864626093551,0.956392965115213,1.73660086067362
"303",303,14.767192244161,"Thailand",0,0,0,0,0,1,0,0,0,0,"not male",9.95875205781498,1.67611317677759,0.133515930696791,2.7513632131416,3.36337711164805,1.69539426786441,0.695337620008869
"304",304,14.6648430751538,"Thailand",0,0,0,0,0,0,1,0,0,0,"not male",9.47891909398392,1.57932597048906,-0.128164143218486,4.0177738806507,4.6916388016903,0.922076064430305,1.04618275169413
"305",305,15.217430739204,"Thailand",-1,-1,-1,-1,-1,-1,-1,-1,-1,-1,"not male",12.0695583653105,0.829046974351045,0.125861755320865,4.30135336434141,4.11796505410515,2.04567715991609,0.88361976014113
"306",306,15.9073988973172,"Thailand",0,0,0,0,0,0,0,1,0,0,"not male",15.3042643181573,0.517388280945256,0.768219518276533,4.21134296577108,4.01592838559584,2.39664816050084,1.7905486790115
"307",307,13.8012389728672,"Thailand",0,0,0,0,0,0,0,0,1,0,"not male",5.43017380375377,0.677445733348641,0.346815565350082,2.3751078628457,2.69928790271641,-0.0115724338179857,1.20708956162973
"308",308,15.8003584291683,"Thailand",0,0,0,0,0,0,0,0,0,1,"not male",14.8024376244973,1.31991960768977,0.139487621244923,3.21252997075471,4.47916745887433,1.62381133106565,2.40028735017942
"309",309,16.7205341916821,"Thailand",1,0,0,0,0,0,0,0,0,0,"not male",19.1164019454138,1.54316216296222,-0.0242076350983944,4.32749208885227,3.63275744207528,2.46895864079978,3.06152522541344
"310",310,17.4397414683799,"Thailand",0,1,0,0,0,0,0,0,0,0,"not male",22.4881866167922,0.358703378614099,0.534127942368516,2.54129425644561,4.17046331308594,3.92420442603849,2.87952456251248
"311",311,16.7784560409961,"Thailand",0,0,1,0,0,0,0,0,0,0,"not male",19.3879509271645,0.380722315404177,0.398163798594991,2.9978749279419,4.12699266454482,3.79710963970885,1.8096824556347
"312",312,16.2895837378888,"Thailand",0,0,0,1,0,0,0,0,0,0,"not male",17.096021755581,1.01276649129758,0.105256627276045,3.66418473240639,3.08137131184222,3.05928772407074,1.83542977708986
"313",313,14.0593961015953,"Thailand",0,0,0,0,1,0,0,0,0,0,"not male",6.64046501972867,0.887856455652095,0.265510461359488,2.28184433813076,1.4782381818306,0.515630272817212,1.25226492084117
"314",314,15.0698469762099,"Thailand",0,0,0,0,0,1,0,0,0,0,"not male",11.3776567592914,1.39617515230805,0.0708214505961777,4.05343483706025,3.81422170336574,1.58617139532819,1.17333088167851
"315",315,15.2938622819888,"Thailand",0,0,0,0,0,0,1,0,0,0,"not male",12.4278844177872,1.24815374332994,0.165901493985559,3.61462196661424,3.32360002974419,2.55820841331858,0.59660772405458
"316",316,16.2417644646757,"Thailand",-1,-1,-1,-1,-1,-1,-1,-1,-1,-1,"not male",16.8718356306065,0.631922427751976,0.410635806676704,3.57776475860595,3.85857094730701,2.63370509214666,2.16740231343252
"317",317,15.5151071420646,"Thailand",0,0,0,0,0,0,0,1,0,0,"not male",13.4651236838441,0.365753550549636,0.583199268988479,2.8392517069097,2.27783176650358,1.54210210537309,2.5178747567193
"318",318,14.479733532002,"Thailand",0,0,0,0,0,0,0,0,1,0,"not male",8.61108927586668,0.186621923410655,0.593248966827191,3.80966226248913,3.72361740005636,0.781745983672459,1.23541092587087
"319",319,17.1226232658685,"Sweden",0,0,0,0,0,0,0,0,0,1,"not male",21.0014743310762,1.167612644152,0.242297685836887,3.08912849677092,3.80245653190852,3.68028378265129,2.51906107970762
"320",320,16.4284293800328,"Sweden",1,0,0,0,0,0,0,0,0,0,"not male",17.746957338461,1.36082626060746,-0.0041215094039132,3.9203402368555,2.26859288635917,3.31747474362032,1.86068334696587
"321",321,15.8232123846969,"Sweden",0,1,0,0,0,0,0,0,0,0,"not male",14.9095814471872,1.25707139750744,0.232469711276627,4.09832039506141,3.88368768154266,2.44514428539523,1.5219600501782
"322",322,16.7038615320726,"Sweden",0,0,1,0,0,0,0,0,0,0,"not male",19.0382372494717,0.553505579370971,0.632267240571358,2.8873521351586,2.2857193720521,3.09161957825502,2.81541992872247
"323",323,14.407780690063,"Sweden",0,0,0,1,0,0,0,0,0,0,"not male",8.27376025074077,1.47410688216208,0.0246394898166731,3.15739172918483,2.49473452236075,0.700278975366978,1.32782378064113
"324",324,16.2034166274152,"Sweden",0,0,0,0,1,0,0,0,0,0,"not male",16.6920534536951,0.811080213166237,0.240355203096228,3.72246765644828,4.23953002108164,3.2300824139118,1.30721379036591
"325",325,15.1404246860705,"Sweden",0,0,0,0,0,1,0,0,0,0,"not male",11.7085388957205,1.56400063369266,-0.121538477163546,3.16320765573735,2.82061219107253,1.2687798880243,1.89567420601042
"326",326,16.2240034786219,"Sweden",0,0,0,0,0,0,1,0,0,0,"not male",16.7885686469915,1.22528612722051,0.0416922139012778,3.68704862430516,3.39088638755231,2.53482393993938,2.24475121783103
"327",327,15.5553818847153,"Sweden",-1,-1,-1,-1,-1,-1,-1,-1,-1,-1,"not male",13.6539395708811,1.28817299178258,0.0907088328878198,2.77580966540472,3.31531716562141,1.83173205701058,1.9710878978397
"328",328,16.1783987203022,"Sweden",0,0,0,0,0,0,0,1,0,0,"not male",16.5747646018624,0.997167651117299,0.134356574200992,3.29630403559371,3.51073786490508,3.16406615844894,1.48325443349168
"329",329,16.8092948183233,"Sweden",0,0,0,0,0,0,0,0,1,0,"not male",19.5325291594,0.966486764806008,0.371157798183493,3.17792699673699,2.61027862917935,3.39334737027042,2.51769704778611
"330",330,15.6165465011046,"Sweden",0,0,0,0,0,0,0,0,0,1,"not male",13.9406912802341,0.766273918501786,0.473857091466482,4.26804098832991,4.11555864958972,2.1112543606052,1.5428278518052
"331",331,16.523767655983,"Sweden",1,0,0,0,0,0,0,0,0,0,"not male",18.1939218615683,1.04831885601943,0.368350163051427,4.25127664396531,3.46785192595256,2.35536777273135,2.94752216365269
"332",332,14.5427862364371,"Sweden",0,1,0,0,0,0,0,0,0,0,"not male",8.90669271202701,0.965363679761324,0.27133133735588,3.68499512298095,3.18482239028112,0.701522766767925,1.45500327212155
"333",333,14.9619992124885,"Sweden",0,0,1,0,0,0,0,0,0,0,"not male",10.8720453057644,0.891174817557986,0.204916462501452,2.90649798587421,4.45623462087351,1.31875285374041,1.34580814157492
"334",334,16.9742575048266,"Sweden",0,0,0,1,0,0,0,0,0,0,"not male",20.3059065649442,1.12774411920457,0.0595386191987041,3.94766317579009,4.21373431776078,2.5273384605853,3.42272274009565
"335",335,15.9488943997755,"Sweden",0,0,0,0,1,0,0,0,0,0,"not male",15.4988033664307,0.767766764149943,0.151335908417595,3.22122137155963,3.49443247304491,2.54587402383606,1.82127001124404
"336",336,13.7671039072505,"Sweden",0,0,0,0,0,1,0,0,0,0,"not male",5.270141925974,0.936481855647916,0.257441924775901,3.38212640537143,3.11487805453924,0.0645135896433413,0.860323151474262
"337",337,14.38509436803,"Sweden",0,0,0,0,0,0,1,0,0,0,"not male",8.1674023267332,0.860697049371105,0.30878985421795,4.3041112099301,5.01152924866905,0.837763563362009,0.655706361160952
"338",338,15.429698648001,"Sweden",-1,-1,-1,-1,-1,-1,-1,-1,-1,-1,"not male",13.0647119243698,0.676327799619177,0.476912218189247,3.10324286166957,2.47648174054412,2.21231773306426,1.50076871915233
"339",339,16.3874699050924,"Sweden",0,0,0,0,0,0,0,1,0,0,"not male",17.5549312922482,0.352392071354286,0.501027329498597,3.0479742103557,3.52556848943696,2.41554821692531,2.81605985112295
"340",340,15.5185088363677,"Sweden",0,0,0,0,0,0,0,0,1,0,"not male",13.4810714934389,1.13371982655119,0.22607323694663,2.44976854157514,1.50890915077703,1.60115610057016,2.53618352229867
"341",341,16.1705203498745,"Sweden",0,0,0,0,0,0,0,0,0,1,"not male",16.5378292572069,1.12039672968937,0.239078225596934,3.74657927256175,2.51522038586261,2.19274740917615,2.70974186100621
"342",342,16.4711868292535,"Sweden",1,0,0,0,0,0,0,0,0,0,"not male",17.9474126404867,0.97842008163479,0.316589156799882,3.43868862369327,3.85941725485242,2.9631713497773,2.17024671930367
"343",343,17.1106072363189,"Sweden",0,1,0,0,0,0,0,0,0,0,"not male",20.945140829513,0.596070757682752,0.556121580159595,2.55053555771465,1.43728265633922,3.70067471264536,3.00437161499005
"344",344,15.6603030264809,"Sweden",0,0,1,0,0,0,0,0,0,0,"not male",14.1458304470876,0.592186631536571,0.583649462175795,1.72131662711512,1.67303779467066,1.81093321801453,2.65796233998244
"345",345,15.5633202482496,"Sweden",0,0,0,1,0,0,0,0,0,0,"not male",13.6911561749784,0.58533710613381,0.237021334080003,4.02467916418118,4.14478594663054,1.78177263316789,1.85007955294012
"346",346,14.0355928514902,"Sweden",0,0,0,0,1,0,0,0,0,0,"not male",6.52887071801104,0.316810383418869,0.544741915523996,2.71694615431783,3.08631392016879,0.453600108964244,1.02989487205546
"347",347,15.6991961794909,"Sweden",0,0,0,0,0,1,0,0,0,0,"not male",14.3281691711098,0.251546000674705,0.626631985844956,3.64093308617995,3.48733174325324,2.24181192772908,1.76387553862687
"348",348,15.0964786480098,"Sweden",0,0,0,0,0,0,1,0,0,0,"not male",11.5025112562597,1.4057966574454,0.274991355565398,3.310112024953,3.03722048651826,1.13043890806503,1.96228910178122
"349",349,14.7353393946419,"Sweden",-1,-1,-1,-1,-1,-1,-1,-1,-1,-1,"not male",9.80941965639478,0.845675562000056,0.291225251641595,3.07573663147203,3.11579852150322,1.63088394570914,0.809007809669136
"350",350,15.4484442045193,"Sweden",0,0,0,0,0,0,0,1,0,0,"not male",13.1525947672899,0.712406728500418,0.429641264899756,4.22498075982651,4.04547445797823,1.56498682236015,1.89325456661856
"351",351,16.5214189691238,"Sweden",0,0,0,0,0,0,0,0,1,0,"not male",18.1829107572508,1.29155998485477,0.10393011253454,2.75330996843745,3.51216545100423,3.19364127262479,2.08000451570266
"352",352,13.8205118571577,"US-AA",0,0,0,0,0,0,0,0,0,1,"not male",5.52052886262107,0.862627081748277,0.34546360746956,2.58127663004689,1.74521507806726,1.5636399214165,-0.445286487493878
"353",353,15.2263032000895,"US-AA",1,0,0,0,0,0,0,0,0,0,"not male",12.1111542008651,1.31202854210262,-0.000352829680905109,4.17882913955076,2.82293941564169,2.14706291727141,0.966413199516525
"354",354,15.7147402806573,"US-AA",0,1,0,0,0,0,0,0,0,0,"not male",14.4010429638832,0.938607773490324,0.277524275127366,3.71391906734963,3.28934486378084,2.05418986353846,1.95192381856515
"355",355,14.8078996020907,"US-AA",0,0,1,0,0,0,0,0,0,0,"male",10.1495961300686,0.777201037375101,0.397183537346809,3.36280590943387,1.86200641084952,1.07760908175069,1.77447286352467
"356",356,15.9098448423643,"US-AA",0,0,0,1,0,0,0,0,0,0,"male",15.3157313879217,0.87848166713149,-0.00509157295959739,3.92568862210562,2.12222520580037,2.95761683379812,1.42674128601737
"357",357,15.9794640687129,"US-AA",0,0,0,0,1,0,0,0,0,0,"male",15.6421199657922,1.19571067006559,-0.0123517511572991,4.18521531003428,4.41542958651467,2.70787864029256,1.38751668442652
"358",358,15.5803335289702,"US-AA",0,0,0,0,0,1,0,0,0,0,"male",13.7709177694481,1.22333508703918,0.141019982909402,2.98336916755303,3.30761617132046,1.38312306238464,2.52150239579141
"359",359,13.3956234220035,"US-AA",0,0,0,0,0,0,1,0,0,0,"male",3.52856860427029,1.34294726358519,0.216807648480476,2.71591467526325,1.6373835084691,0.403583061059665,0.0932903768663207
"360",360,17.9191694149882,"US-AA",-1,-1,-1,-1,-1,-1,-1,-1,-1,-1,"male",24.7358387940985,0.860047864271301,0.152166463239696,3.50345274766527,2.2992812525667,3.8925619444622,3.92469692359943
"361",361,15.4256412667936,"US-AA",0,0,0,0,0,0,0,1,0,0,"male",13.0456901260589,0.607564543609988,0.53817169251453,3.59556193349758,2.79463796428274,2.09731250504281,1.53276834634428
"362",362,16.1947715668657,"US-AA",0,0,0,0,0,0,0,0,1,0,"male",16.6515237154841,1.08722015223305,0.209398775082933,3.72566908298147,2.48048431082987,2.66296037377893,2.22063515754203
"363",363,15.8558423089508,"US-AA",0,0,0,0,0,0,0,0,0,1,"male",15.0625569272639,2.12179447505582,-0.384897164156172,3.44861154883011,4.27356047822003,2.14474673333629,1.80817204043487
"364",364,16.5301565648669,"US-AA",1,0,0,0,0,0,0,0,0,0,"male",18.2238743185853,0.812244514385983,0.369651364245891,3.2452292404643,3.29718222572493,2.86291614281935,2.52391342395091
"365",365,16.3442581828439,"US-AA",0,1,0,0,0,0,0,0,0,0,"male",17.3523462692349,1.65498335322788,-0.0232292211907593,4.35957787577287,3.65820060925406,2.62793344570398,2.19542173758711
"366",366,15.4216057322368,"US-AA",0,0,1,0,0,0,0,0,0,0,"male",13.026770749128,0.91147953328935,0.221855126871306,3.89844293641808,3.39901340747243,2.00494224909997,1.45268620702143
"367",367,15.9495946594432,"US-AA",0,0,0,1,0,0,0,0,0,0,"male",15.5020863209978,0.567349985827322,0.397360589357336,2.91096197809796,2.76122284862178,3.57502864843274,0.826378032079876
"368",368,14.7610228696507,"US-AA",0,0,0,0,1,0,0,0,0,0,"male",9.92982882096841,0.801936212423546,0.376908205498806,3.92761212398326,3.98260109322054,0.52396005432598,1.90505423041638
"369",369,16.3795168637876,"US-AA",0,0,0,0,0,1,0,0,0,0,"male",17.5176458758861,0.960192915238042,0.294939177198135,3.34055260443445,3.24736195030201,2.04543180028683,3.18029503163709
"370",370,15.1959875716818,"US-AA",0,0,0,0,0,0,1,0,0,0,"male",11.9690285932969,1.44125558273401,0.0104305050438139,2.99265193390041,2.95169349791222,2.13931440145614,1.00435600370894
"371",371,17.7802624717018,"US-AA",-1,-1,-1,-1,-1,-1,-1,-1,-1,-1,"male",24.0846158194484,1.14303140355638,0.0930329765410551,3.35890801934602,3.62946453115088,3.98254276346373,3.33124294630823
"372",372,14.127358091672,"US-AA",0,0,0,0,0,0,0,1,0,0,"male",6.95908414915273,0.763496712362453,0.229781597264588,2.05518191860813,2.11833560729895,0.413674110866761,1.4110931962202
"373",373,15.1933394558165,"US-AA",0,0,0,0,0,0,0,0,1,0,"male",11.9566137071131,1.31889271961502,0.152413180603517,3.47674197510593,4.12607891972249,1.25401774360533,1.78846381650346
"374",374,16.3511911167578,"US-AA",0,0,0,0,0,0,0,0,0,1,"male",17.3848492222164,1.8052721864862,-0.274856016182586,3.4637095766437,2.67478704248651,2.19521394832665,2.9350776257753
"375",375,16.068099027097,"US-AA",1,0,0,0,0,0,0,0,0,0,"male",16.0576580223592,1.36086921940435,0.248215139579568,3.62644412430009,3.25802963814544,2.8209096348008,1.66768674457308
"376",376,15.0806460274135,"US-AA",0,1,0,0,0,0,0,0,0,0,"male",11.4282848278518,0.478525580653838,0.58192984637202,3.4562734288092,3.54766737540494,0.608850241976717,2.53462572237638
"377",377,14.7148908934976,"US-AA",0,0,1,0,0,0,0,0,0,0,"male",9.71355307530633,0.517301352439057,0.633720724890727,3.3860495079889,2.75729028122462,1.73412112539428,0.734653714993175
"378",378,15.7397391828302,"US-AA",0,0,0,1,0,0,0,0,0,0,"male",14.518242716832,0.628922867995646,0.369787293309652,4.76863145733967,3.54261361805962,1.73586511667225,2.24934149360207
"379",379,15.5971519429761,"US-AA",0,0,0,0,1,0,0,0,0,0,"male",13.8497657905673,0.0466463871863276,0.609407181455827,4.55044450894646,4.01883017672725,1.86375305182109,1.85595733249569
"380",380,14.0023274489369,"US-AA",0,0,0,0,0,1,0,0,0,0,"male",6.37291599111831,1.3553739307876,0.260388922220514,3.10054645854117,3.60297061474219,0.807066112747157,0.326633668062886
"381",381,15.6410268582862,"US-AA",0,0,0,0,0,0,1,0,0,0,"male",14.0554599926335,0.602279842620909,0.428076034368208,2.72634788790686,2.06528734347673,2.34083564772511,1.83822599606133
"382",382,15.7808268234918,"US-AA",-1,-1,-1,-1,-1,-1,-1,-1,-1,-1,"male",14.7108696290652,1.24581209086276,0.238478220981647,3.95504140591686,2.88036348120469,2.52424635825567,1.54416680908969
"383",383,15.7669043044897,"US-AA",0,0,0,0,0,0,0,1,0,0,"male",14.6455981312936,1.38233361410124,0.0224111695165556,3.0686663966835,3.15800252244604,1.59081726961533,2.60851817896677
"384",384,14.6625946957428,"US-AA",0,0,0,0,0,0,0,0,1,0,"male",9.46837825064271,0.807159034439794,0.532953514240817,3.57293304391927,3.24272556039531,1.17991598610211,1.14619714894043
"385",385,16.0375676839158,"US-AA",0,0,0,0,0,0,0,0,0,1,"male",15.9145211016541,0.812489932576786,0.219060483865617,3.06326625477901,3.14438317392723,2.35983540263191,2.26773907928873
"386",386,16.8479559829894,"US-AA",1,0,0,0,0,0,0,0,0,0,"male",19.7137802765984,1.10620573970434,0.174707111348615,3.19585732147809,4.55101621562815,3.01020942287992,2.66728574493413
"387",387,16.0197002900555,"US-AA",0,1,0,0,0,0,0,0,0,0,"male",15.830755257387,1.12618151871353,0.320658687816088,3.50636293653358,2.15949725642197,2.57573137850896,2.09092116357146
"388",388,14.5902415536038,"US-AA",0,0,1,0,0,0,0,0,0,0,"male",9.12917253972402,0.56574766457375,0.456448412692448,3.43430291077183,2.56816471493776,1.6229103001432,0.65575905448787
"389",389,15.2187903682167,"US-AA",0,0,0,1,0,0,0,0,0,0,"male",12.0759325725971,1.3058638191344,0.136360366427347,3.73996190183452,3.7493577924946,1.54667109941993,1.53596280646876
"390",390,15.9208010503591,"US-AA",0,0,0,0,1,0,0,0,0,0,"male",15.3670962383207,1.31087438499743,0.130995842703707,4.22523692140193,2.70833665423565,3.03973796443691,1.18938871792986
"391",391,15.0289530230762,"US-AA",0,0,0,0,0,1,0,0,0,0,"male",11.1859378921501,0.790261028342074,0.525113741173138,3.21435647184692,2.6258861222191,2.13000476795496,0.842578409594831
"392",392,13.6724335911563,"US-AA",0,0,0,0,0,0,1,0,0,0,"male",4.82630892958568,0.369285229444278,0.618351037098665,3.45060961572468,2.45404627336889,0.812029272067299,0.0115324981677274
"393",393,16.4040572363853,"US-AA",-1,-1,-1,-1,-1,-1,-1,-1,-1,-1,"male",17.6326959523188,0.937633484868688,0.283837624810564,2.11063224939252,2.77624609876888,3.29389580166294,1.98915440153336
"394",394,14.8651291047612,"US-AA",0,0,0,0,0,0,0,1,0,0,"male",10.4178992550608,1.78911907430638,0.0803744884229098,4.51575759436799,2.95325812177559,1.23774387066335,1.28020173362601
"395",395,15.0949428768501,"US-AA",0,0,0,0,0,0,0,0,1,0,"male",11.4953112600655,1.25557471638381,0.115808600563012,2.23378470392543,2.80359253528323,1.11570436713295,2.12686568224457
"396",396,16.9605027468861,"US-AA",0,0,0,0,0,0,0,0,0,1,"male",20.2414215639091,1.11380039884245,-0.000562099778401215,2.75395228381479,2.86819348165429,3.86633543526796,2.20319222730145
"397",397,14.9148178532143,"US-AA",1,0,0,0,0,0,0,0,0,0,"male",10.6508498463612,0.663702145996546,0.304256794580272,3.25656872645063,3.46294289787592,1.28894178498345,1.45996160789268
"398",398,16.36946692309,"US-AA",0,1,0,0,0,0,0,0,0,0,"male",17.4705297841969,0.944309463363945,0.356384859692934,3.89438699951054,4.10729904832856,2.28770988422239,2.68615417199857
"399",399,14.4779067748207,"US-AA",0,0,1,0,0,0,0,0,0,0,"male",8.60252508017296,0.818999903120556,0.40097623285077,4.1857603050577,3.6798143963066,1.3465041130341,0.48407194693212
"400",400,15.2916209220396,"US-AA",0,0,0,1,0,0,0,0,0,0,"male",12.4173764830586,0.68168964818348,0.449025133036025,2.9083192369468,3.1426981427306,1.85179311010871,1.57393535547472
"401",401,15.5439466948154,"US-EA",0,0,0,0,1,0,0,0,0,0,"male",13.6003291594354,1.28456299512499,0.0465430573082376,3.68060765104852,3.13700056408142,1.6419168900367,2.10948424403278
"402",402,14.5605510208669,"US-EA",0,0,0,0,0,1,0,0,0,0,"male",8.98997750317346,0.773883762568959,0.373929501253127,2.37440045833446,2.0286416608745,1.38419954069264,1.05105396999801
"403",403,15.0399960581118,"US-EA",0,0,0,0,0,0,1,0,0,0,"male",11.2377098047335,0.188254188250068,0.734789989715786,3.2455446785088,2.89995932160924,1.68869081931654,1.38677656984181
"404",404,15.5841002854704,"US-EA",-1,-1,-1,-1,-1,-1,-1,-1,-1,-1,"male",13.7885770621718,0.290346987048526,0.748117145000084,3.42026337702384,3.77082929290711,1.90983236388882,1.91859640622814
"405",405,16.2122849799231,"US-EA",0,0,0,0,0,0,0,1,0,0,"male",16.7336300283698,1.09879075056594,0.111752486110856,4.14896914770421,3.9171464407064,2.48734860825266,2.15834695154564
"406",406,14.1278092040043,"US-EA",0,0,0,0,0,0,0,0,1,0,"male",6.96119905218029,1.04582782101555,0.359156244780398,3.80851629753299,3.32658967876866,0.922905871592577,0.427369251282708
"407",407,15.2959206931883,"US-EA",0,0,0,0,0,0,0,0,0,1,"male",12.4375346529206,-0.00477277069324811,0.637811751297798,3.42045517762376,3.04718383166105,1.85869025594058,1.61333406651054
"408",408,16.2892529818138,"US-EA",1,0,0,0,0,0,0,0,0,0,"male",17.0944711062765,0.756197937984707,0.346019100825051,3.59467411242774,3.80541644951872,1.89002006457758,3.1001418481263
"409",409,15.1261493743401,"US-EA",0,1,0,0,0,0,0,0,0,0,"male",11.6416134364943,0.775437537521837,0.267965625909523,2.69634875487357,3.17552640715885,1.37003486695614,1.83235006835269
"410",410,15.8141081456623,"US-EA",0,0,1,0,0,0,0,0,0,0,"male",14.8668989902431,1.44168968488925,-0.107803596213616,3.34890584464301,3.58367370952143,2.54435652213416,1.48063214027627
"411",411,16.0520212559179,"US-EA",0,0,0,1,0,0,0,0,0,0,"male",15.9822822799713,0.272460353642878,0.731240678645232,3.74108114215141,3.37915046757757,2.88905320322088,1.6553698077981
"412",412,15.8505158437679,"US-EA",0,0,0,0,1,0,0,0,0,0,"male",15.0375854145464,0.449803702057346,0.348085007033553,3.6412080373571,3.97186749678134,2.35206248028422,1.78724574793196
"413",413,16.1966253961653,"US-EA",0,0,0,0,0,1,0,0,0,0,"male",16.6602148305745,0.469062449157581,0.418960632814504,2.92186789564316,1.944879966947,2.16542545004358,3.03594798375775
"414",414,15.4998076224423,"US-EA",0,0,0,0,0,0,1,0,0,0,"male",13.3933965372852,0.928106477637869,0.31757403980687,2.90822552669866,3.26583152780551,1.88958443860841,1.8474437954396
"415",415,15.2385184907943,"US-EA",-1,-1,-1,-1,-1,-1,-1,-1,-1,-1,"male",12.1684218777772,1.10053657972516,0.201492450609658,3.68098595825983,2.79852341514971,1.97403559054713,1.27080577812261
"416",416,13.236452241078,"US-EA",0,0,0,0,0,0,0,1,0,0,"male",2.782342911958,0.797032004149704,0.289464975459581,3.88627323107544,4.24318123241563,-0.438860486560344,0.272390294396675
"417",417,15.5265389654054,"US-EA",0,0,0,0,0,0,0,0,1,0,"male",13.5187183122014,0.387651272328433,0.444709014967342,3.91694669569978,2.41346059498429,2.02089286669383,1.84827050706044
"418",418,15.9963956573313,"US-EA",0,0,0,0,0,0,0,0,0,1,"male",15.7214985716755,0.875003312621024,0.488722924301937,3.95311278962503,4.0351302845671,2.72958495589461,1.53814516271355
"419",419,16.0907881590996,"US-EA",1,0,0,0,0,0,0,0,0,0,"male",16.1640291200549,0.92045552941617,0.0884966609068094,4.44277005751177,3.61621501138753,2.16942246973619,2.34766199855515
"420",420,15.1113600405207,"US-EA",0,1,0,0,0,0,0,0,0,0,"male",11.5722781409712,0.88884134566224,0.495352455138935,3.06373398858214,2.56925644197077,1.1015999928639,2.18617354148889
"421",421,17.2079936129781,"US-EA",0,0,1,0,0,0,0,0,0,0,"male",21.4017072501534,1.95590371703623,0.0559765226862646,4.1896961735152,3.41004185606642,3.16580876427006,3.13977948577055
"422",422,15.8672091288267,"US-EA",0,0,0,1,0,0,0,0,0,0,"male",15.1158468066374,0.883577843594123,0.158572401755975,4.49975650623121,4.37791992744954,2.04378564903473,1.96746599080624
"423",423,15.7234316408961,"US-EA",0,0,0,0,1,0,0,0,0,0,"male",14.4417897641119,0.956976857842274,0.461742959377633,2.99935601374453,1.84758232933011,2.49315137206813,1.78882839552363
"424",424,16.7524955679627,"US-EA",0,0,0,0,0,1,0,0,0,0,"male",19.2662431415625,0.961550874866288,0.255791343120687,4.41287737674861,5.2080145913964,2.64983839843973,2.698955670761
"425",425,14.9648173332553,"US-EA",0,0,0,0,0,0,1,0,0,0,"male",10.8852572082459,0.484218919554431,0.647495070426801,3.53628507452298,2.61287881162037,1.91976383247731,0.97684115578595
"426",426,15.2055959157156,"US-EA",-1,-1,-1,-1,-1,-1,-1,-1,-1,-1,"male",12.014074393277,1.18657123628619,0.383918396161944,3.26946157533438,2.26581230897444,2.37032649961136,0.890713702713833
"427",427,17.7629123270847,"US-EA",0,0,0,0,0,0,0,1,0,0,"male",24.0032749410095,0.695371396792848,0.402017733892505,3.57553110966638,4.244846653817,3.89098924155606,3.3370534013111
"428",428,15.6199940101244,"US-EA",0,0,0,0,0,0,0,0,1,0,"male",13.9568538781999,1.78987579180676,-0.194239216954944,2.43619379161684,3.30901396952504,2.13422455622471,1.70948928613629
"429",429,17.0769444424247,"US-EA",0,0,0,0,0,0,0,0,0,1,"male",20.787323054129,1.01339107465304,0.20197630268641,2.89365275324736,3.47631810085414,2.46739275739869,3.92191520389833
"430",430,14.3182210328668,"US-EA",1,0,0,0,0,0,0,0,0,0,"male",7.85388702490986,0.918955900445045,0.375640260336925,3.47745707803934,1.99472534234046,1.4264711711497,0.458649526233632
"431",431,15.4389159117655,"US-EA",0,1,0,0,0,0,0,0,0,0,"male",13.1079242633994,0.789879599321208,0.344190588002584,2.80568935572456,3.18828559777123,1.89909070964733,1.76634686201125
"432",432,15.9498246654659,"US-EA",0,0,1,0,0,0,0,0,0,0,"male",15.5031646343111,1.81067275390862,-0.108240962789725,3.79067286864928,3.23194046515139,1.97421434527157,2.36068259221185
"433",433,15.8794346135948,"US-EA",0,0,0,1,0,0,0,0,0,0,"male",15.1731622753164,1.17815541840583,0.179164001874866,3.00170686243604,2.68144053348303,1.93853126602733,2.52328369173198
"434",434,14.7069386389593,"US-EA",0,0,0,0,1,0,0,0,0,0,"male",9.67627134745938,0.700363028250447,0.448932604886148,2.8281325886278,2.74887402062952,1.34934805681316,1.1925123324074
"435",435,15.6272948286136,"US-EA",0,0,0,0,0,1,0,0,0,0,"male",13.9910815461728,0.587752451124662,0.36784294063634,4.08074421224307,3.84009062374632,2.26229104292983,1.46408622359641
"436",436,14.6424762535054,"US-EA",0,0,0,0,0,0,1,0,0,0,"male",9.37405905039856,0.687182992338339,0.515469856461879,4.14364157058604,4.07949531331645,1.13395553732501,0.9735486996735
"437",437,16.2500075860694,"US-EA",-1,-1,-1,-1,-1,-1,-1,-1,-1,-1,"male",16.9104809992784,0.712886863955624,0.334536733605358,3.38666754674573,3.33715707527,1.87359910263493,3.153983220448
"438",438,16.5841280306949,"US-EA",0,0,0,0,0,0,0,1,0,0,"male",18.4769031283133,1.49993220147224,0.0488323255378982,3.36179478686188,3.68605662917561,2.68355229349887,2.66656948617537
"439",439,13.6119610485543,"US-EA",0,0,0,0,0,0,0,0,1,0,"male",4.54280179778799,0.776656472457914,0.379652662667686,3.70416937916915,3.69931414446007,1.0388275708106,-0.64651894638419
"440",440,16.7196527291455,"US-EA",0,0,0,0,0,0,0,0,0,1,"male",19.1122694762836,0.874185235032036,0.214015003693673,4.10333767746372,3.02298709033309,2.41355576856266,3.32528224207383
"441",441,14.495542041866,"US-EA",1,0,0,0,0,0,0,0,0,0,"male",8.68520266843625,1.34110038890248,0.146325799743309,3.90033908208195,4.01754574095609,0.78117280897336,1.07385199732875
"442",442,16.0183828035464,"US-EA",0,1,0,0,0,0,0,0,0,0,"male",15.8245786224169,1.50152152121947,0.13520309263101,3.19323811222756,3.2594549084697,2.4216637198831,2.06237154455624
"443",443,16.2025925690521,"US-EA",0,0,1,0,0,0,0,0,0,0,"male",16.6881901065804,0.805847148897459,0.466067103121718,3.6382131218292,3.90322842797991,2.52851386107948,2.19284891352186
"444",444,15.4304989343649,"US-EA",0,0,0,1,0,0,0,0,0,0,"male",13.068463823693,0.687159967411297,0.309796749107633,3.19655824080397,2.49537614627174,2.00254868358507,1.72094943772292
"445",445,15.0306876667399,"US-EA",0,0,0,0,1,0,0,0,0,0,"male",11.1940702416203,1.00770089010307,0.562906640956206,2.57823986857617,1.35608235494369,1.60623997324929,1.71190903080861
"446",446,15.7584582770754,"US-EA",0,0,0,0,0,1,0,0,0,0,"male",14.606001499429,1.15881944304031,0.210495323922376,4.34975414320949,3.59690169269149,2.25403740498921,1.66005391422498
"447",447,16.0040591932416,"US-EA",0,0,0,0,0,0,1,0,0,0,"male",15.7574267300079,1.1000106177337,0.183520016478352,3.23318735085435,2.4241118547708,2.32881739523551,2.3233775646138
"448",448,16.4032059323139,"US-EA",-1,-1,-1,-1,-1,-1,-1,-1,-1,-1,"male",17.628704871984,1.63678230533531,0.118224376000309,3.08055910927712,2.72061246840875,3.12619522584686,2.02221409237988
"449",449,13.767001388456,"US-EA",0,0,0,0,0,0,0,1,0,0,"male",5.26966129777278,0.870180925421309,0.322261990561131,3.56897463818687,2.9413518820001,0.363299413494604,0.537450996891677
"450",450,14.140531417283,"US-EA",0,0,0,0,0,0,0,0,1,0,"male",7.02084328147151,0.743364834452929,0.294022162016147,3.32261006279659,3.56209669208984,0.347183112598829,1.14369138590768
"451",451,16.894501302387,"US-EA",0,0,0,0,0,0,0,0,0,1,"male",19.9319938564023,1.1620267239125,0.401126006179961,2.68699183262356,2.43010545545209,3.07487802536821,3.09790385867065
"452",452,16.5498727047062,"US-EA",1,0,0,0,0,0,0,0,0,0,"male",18.3163074463396,1.36600701747623,0.16999630688954,4.89077334919674,4.46604537067339,2.26882668512215,2.81861806828737
"453",453,16.0008894761191,"US-EA",0,1,0,0,0,0,0,0,0,0,"male",15.7425664749013,1.14607866211681,-0.0641870331031709,3.6408091262069,3.78001995163696,2.74396450133029,1.54820116465101
"454",454,16.2522302095857,"US-EA",0,0,1,0,0,0,0,0,0,0,"male",16.9209010939376,1.03562105042892,0.28641315876058,3.95528058309276,4.4650134184428,2.4821339337133,2.17512844973995
"455",455,16.4336230760416,"US-EA",0,0,0,1,0,0,0,0,0,0,"male",17.7713064032686,1.14021845040814,0.309181395507396,2.94314614636028,2.36167627794964,2.60777807234805,2.80429771643105
"456",456,13.2204913269778,"US-EA",0,0,0,0,1,0,0,0,0,0,"male",2.70751501845948,0.245876056248622,0.70497410647169,3.57747950467908,3.04303349712001,0.384115085517396,-0.392686106683153
"457",457,16.6070288327817,"US-EA",0,0,0,0,0,1,0,0,0,0,"male",18.5842665768494,1.16739792970434,0.218569725758082,3.83303557643777,3.72132618433354,2.2557249491224,3.18742122781593
"458",458,15.174481138287,"US-EA",0,0,0,0,0,0,1,0,0,0,"male",11.8682022184726,0.450326851775063,0.493461690233147,2.26603856321689,0.883039353988226,2.27868964386438,1.35104841739343
"459",459,15.8170939139068,"US-EA",-1,-1,-1,-1,-1,-1,-1,-1,-1,-1,"male",14.8808968569574,0.64507175352253,0.49035683141629,3.94885240737931,3.11093132573173,2.1272463806587,2.09535186673577
"460",460,15.3449482948065,"US-EA",0,0,0,0,0,0,0,1,0,0,"male",12.6673856582801,0.787721101470717,0.311663027566998,3.51911287742248,3.63513641704846,1.73563898084086,1.63998253494384
"461",461,16.3930245287627,"US-EA",0,0,0,0,0,0,0,0,1,0,"male",17.5809724566715,1.18878575485778,0.066592521852277,3.76356409692474,2.88586104814939,2.65145227874037,2.49360781541931
"462",462,15.2970717408379,"US-EA",0,0,0,0,0,0,0,0,0,1,"male",12.4429309898969,1.13332709562635,0.127818523724142,4.30733539249584,4.17302589683233,1.72105261634324,1.36042484409674
"463",463,16.0756163817676,"US-EA",1,0,0,0,0,0,0,0,0,0,"male",16.0929008543895,1.25292641419346,0.0391790158538693,3.50727391834676,2.79313119943082,2.27764174462156,2.39636390468857
"464",464,15.2591648891822,"US-EA",0,1,0,0,0,0,0,0,0,0,"male",12.2652162399299,1.37647257361892,0.168364690043913,3.72535404442158,3.0481332381239,2.09679296804413,1.09154037992733
"465",465,14.6286770862268,"US-EA",0,0,1,0,0,0,0,0,0,0,"male",9.30936584968266,1.1668885016294,0.1873712855667,3.28982603157033,2.67358791582837,1.70737376480049,0.552366079582886
"466",466,16.6965894383754,"US-EA",0,0,0,1,0,0,0,0,0,0,"male",19.0041442489535,0.988063032530791,0.138424745824874,4.1837846858314,3.9504751240562,3.13253572777832,2.27437646612632
"467",467,16.2753282101243,"US-H",0,0,0,0,1,0,0,0,0,0,"male",17.0291890474647,0.645360833359286,0.378706534074742,4.31582872228568,3.90488659689448,2.54046785596381,2.25091128357505
"468",468,17.1583874907625,"US-H",0,0,0,0,0,1,0,0,0,0,"male",21.1691440268487,1.05845353585719,0.176205597713784,3.92660347802747,3.9363085878705,2.83652096166634,3.45508028537117
"469",469,15.6685082314562,"US-H",0,0,0,0,0,0,1,0,0,0,"male",14.1842980561589,1.62221488020193,-0.0366390027680619,4.14608903367117,3.5146768731053,1.39188440611304,2.4714836858292
"470",470,16.6202524657537,"US-H",-1,-1,-1,-1,-1,-1,-1,-1,-1,-1,"male",18.6462615599366,0.860880102431245,0.285369285211295,2.93926446807579,2.52245780222638,2.88193316740674,2.81555162907204
"471",471,17.3839263105091,"US-H",0,0,0,0,0,0,0,1,0,0,"male",22.2265142174203,0.292605626378456,0.561196294374183,2.84426475463847,2.54636535837455,3.54987622906406,3.4695429980692
"472",472,15.357229060695,"US-H",0,0,0,0,0,0,0,0,1,0,"male",12.724960295686,1.28311784584951,0.253401095017137,3.90803715470009,3.04556552778696,1.86983050160131,1.5221503164439
"473",473,14.4219899007458,"US-H",0,0,0,0,0,0,0,0,0,1,"male",8.34037581530054,1.11530186862394,0.18106747845392,3.97754155759159,3.04841401821236,0.938801201547634,0.944309869702874
"474",474,15.39506229271,"US-H",1,0,0,0,0,0,0,0,0,0,"male",12.9023299023485,0.644839154488807,0.44240106449974,2.92701900361527,3.89676017063216,2.42330251726216,0.970094768044627
"475",475,15.4177909664931,"US-H",0,1,0,0,0,0,0,0,0,0,"male",13.0088863796615,0.927157189616035,0.100151658194186,3.30457804259979,3.24908136820672,1.77508031912979,1.78624668102651
"476",476,15.7462090930494,"US-H",0,0,1,0,0,0,0,0,0,0,"male",14.5485749239842,1.48238977357348,0.0855473962719559,3.29998730058542,3.19735114759554,2.365627425198,1.64482187508196
"477",477,17.1476498696327,"US-H",0,0,0,1,0,0,0,0,0,0,"male",21.1188039545142,1.54165278919506,-0.0323772385608177,3.37335624959774,3.22147198896873,3.24470986897562,3.08748531404825
"478",478,15.3171227845302,"US-H",0,0,0,0,1,0,0,0,0,0,"male",12.5369342125525,0.881377962404267,0.534394513899088,3.65052008879838,3.84015616750718,1.88287731426595,1.37701953023188
"479",479,15.9449581809128,"US-H",0,0,0,0,0,1,0,0,0,0,"male",15.4803496009387,1.07320095521471,0.273984711993146,3.86149327721532,3.87497822702117,2.51702147827923,1.69829770895474
"480",480,15.4055397097238,"US-H",0,0,0,0,0,0,1,0,0,0,"male",12.9514500867898,0.372418199502908,0.641193969328172,3.27284522168118,2.27673334045472,2.02230749382708,1.73165815673406
"481",481,15.6283647362555,"US-H",-1,-1,-1,-1,-1,-1,-1,-1,-1,-1,"male",13.9960974828904,0.702683015866546,0.214430698737053,3.92965887130924,3.53503088993796,2.14144617080822,1.65332502349139
"482",482,15.8920237818286,"US-H",0,0,0,0,0,0,0,1,0,0,"male",15.2321827633614,1.76332621865779,-0.0737522158210405,3.22302357883323,3.04834337730826,1.87928650398384,2.46118844446583
"483",483,16.8027367970412,"US-H",0,0,0,0,0,0,0,0,1,0,"male",19.5017838703157,1.62936681600186,-0.0712948563067979,3.52355316877662,3.38669308421944,2.96779893750837,2.74303667334605
"484",484,15.7189439029867,"US-H",0,0,0,0,0,0,0,0,0,1,"male",14.4207503692362,1.01713471388559,0.191429798108686,4.1355517899492,3.79329230463491,1.88064586690928,2.01909478659125
"485",485,16.2501324033879,"US-H",1,0,0,0,0,0,0,0,0,0,"male",16.911066167331,0.608382439844323,0.471039648279208,3.01205540281116,3.11916815722164,3.12953464730728,1.79957856285254
"486",486,16.3094163067456,"US-H",0,1,0,0,0,0,0,0,0,0,"male",17.1890007253887,0.493755317800558,0.438748124920148,3.47294725666344,3.31280925854089,2.09229488570724,3.02888249845405
"487",487,16.4314663972284,"US-H",0,0,1,0,0,0,0,0,0,0,"male",17.7611954703022,1.68214596004566,-0.246880096986042,2.96929849619183,2.22019955216305,2.75802285409957,2.56853533630109
"488",488,15.0941936921384,"US-H",0,0,0,1,0,0,0,0,0,0,"male",11.4917989353037,0.864556540306885,0.224543163244063,3.19756553246579,3.20654674919406,1.94390966146726,1.05014531734389
"489",489,17.0709393303468,"US-H",0,0,0,0,1,0,0,0,0,0,"male",20.7591699117596,0.81289481605242,0.219599250144917,3.63296475936205,3.76795772786637,3.16064538939944,3.00987555570962
"490",490,15.267900848114,"US-H",0,0,0,0,0,1,0,0,0,0,"male",12.3061721275722,1.38585657370896,0.186247157830923,3.21923826021155,3.02527946321547,1.43534205690012,1.9221481635694
"491",491,15.5150058174505,"US-H",0,0,0,0,0,0,1,0,0,0,"male",13.4646486541945,0.574201912937041,0.389096967512967,3.99152377700087,4.10839804956586,2.40624039441645,1.06472151238873
"492",492,16.8708371404073,"US-H",-1,-1,-1,-1,-1,-1,-1,-1,-1,-1,"male",19.8210516270767,1.48379811853444,-0.0189450200212827,4.07058548027396,3.86994467145053,2.39724531241421,3.39986615954807
"493",493,16.7720873477187,"US-H",0,0,0,0,0,0,0,1,0,0,"male",19.3580932448729,1.57662619361707,0.0548878303337412,3.26038405522618,3.00087135479515,3.1254611942927,2.61142934498476
"494",494,14.6311872985747,"US-H",0,0,0,0,0,0,0,0,1,0,"male",9.32113421714869,0.93904702098929,0.273668845963804,3.84179099375067,3.19238482904687,0.728049358129963,1.56668036130366
"495",495,14.8259822416251,"US-H",0,0,0,0,0,0,0,0,0,1,"male",10.2343710882425,1.45439383708407,-0.198583664230661,3.68738530878603,2.94225828465497,1.29850519899995,1.23888742148091
"496",496,14.3904450046852,"US-H",1,0,0,0,0,0,0,0,0,0,"male",8.19248716004972,1.19037486532209,0.288226801528877,3.48526992538496,3.09738577114744,1.10359030189264,0.73766044844882
"497",497,15.7732987789726,"US-H",0,1,0,0,0,0,0,0,0,0,"male",14.6755766809295,0.692647722130542,0.287864942526943,3.8397655333438,3.69831772575506,2.82841498147638,1.10436267598179
"498",498,15.7580270993908,"US-H",0,0,1,0,0,0,0,0,0,0,"male",14.6039800539367,1.45432263529326,0.143123404592922,4.63532120477852,4.43968060555172,2.41124429874185,1.27435808184028
"499",499,15.9369749892448,"US-H",0,0,0,1,0,0,0,0,0,0,"male",15.4429228337648,0.683799505235289,0.340176608274094,3.46534934356972,3.02041000638077,2.35653772061611,2.09425453837706
"500",500,16.1058376273683,"US-H",0,0,0,0,1,0,0,0,0,0,"male",16.2345839768601,0.933325852687122,0.414209842321201,3.81008099446995,2.42746739824664,2.1605502047678,2.66828001503758
"501",501,15.0695002243055,"US-H",0,0,0,0,0,1,0,0,0,0,"male",11.3760311184031,1.28802391615692,0.01733099142018,4.12940077202887,3.91174014998987,2.1779465668949,0.474023751033335
"502",502,14.7176586651934,"US-H",0,0,0,0,0,0,1,0,0,0,"male",9.72652893147441,0.595221460699443,0.616155778418121,2.35074376607013,2.42844222326902,0.899538588379426,1.85026586561786
"503",503,16.5320529803553,"US-H",-1,-1,-1,-1,-1,-1,-1,-1,-1,-1,"male",18.2327650860753,1.098023852431,0.202415541328214,3.69503216312061,2.9133984339997,2.29958119675755,3.16247056916682
"504",504,16.2844530497405,"US-H",0,0,0,0,0,0,0,1,0,0,"male",17.0719680839726,1.27200426840539,-0.0503184512454973,3.29253819880509,2.10066151510224,3.10870800027464,1.94232225810992
"505",505,14.2547684494788,"US-H",0,0,0,0,0,0,0,0,1,0,"male",7.55640887784617,0.537041516214672,0.488773104585607,3.94202988187954,3.72662481117092,0.62815043964936,0.963071728673695
"506",506,15.5245575891373,"Colombia",0,0,0,0,0,0,0,0,0,1,"male",13.5094292319245,1.47834147961717,0.0325757516371862,3.08992814912599,3.20491986068203,2.38042390790807,1.25247572166475
"507",507,14.8054388551647,"Colombia",1,0,0,0,0,0,0,0,0,0,"male",10.1380596661951,1.51705200660901,-0.161922020142179,2.82817544950951,3.48568369687627,1.41909051265074,1.05047121691535
"508",508,13.7504655386533,"Colombia",0,1,0,0,0,0,0,0,0,0,"male",5.19213799301833,0.722848306510716,0.143175263200691,1.99181816929559,3.1020517464901,0.22104458397598,0.801996494769994
"509",509,15.744807877807,"Colombia",0,0,1,0,0,0,0,0,0,0,"male",14.5420057523021,1.02038042355488,-0.0787172322523269,3.36222442806488,3.88445043704944,1.80418913911034,2.19733239354938
"510",510,15.5388678850858,"Colombia",0,0,0,1,0,0,0,0,0,0,"male",13.5765187040213,0.718466470075914,0.410444226554371,3.31712609603558,3.37308388375182,2.31777910618859,1.3894177492367
"511",511,15.5225623977733,"Colombia",0,0,0,0,1,0,0,0,0,0,"male",13.5000753837699,1.1801308391163,0.269745330212541,3.49192096511726,4.91656601975742,2.03879410236073,1.34867458739388
"512",512,15.8041049825375,"Colombia",0,0,0,0,0,1,0,0,0,0,"male",14.8200022009832,0.822428126737758,0.223561423977029,4.00040948753364,3.72160164740997,2.5090817115429,1.4913046757201
"513",513,16.4024537176281,"Colombia",0,0,0,0,0,0,1,0,0,0,"male",17.6251783421096,1.11446507680075,0.131548228584341,3.49344605802613,3.24001698895557,2.59313869178934,2.55327237884637
"514",514,15.7946265590261,"Colombia",-1,-1,-1,-1,-1,-1,-1,-1,-1,-1,"male",14.7755654938751,0.661590458373241,0.211734663762911,3.82440113868118,3.76875042908723,2.73993735131764,1.23188163519059
"515",515,15.0564406130996,"Colombia",0,0,0,0,0,0,0,1,0,0,"male",11.3148051015024,1.26115946395377,0.0919732105721945,3.9602207457108,2.80029292702512,2.51217061346557,0.28079009570701
"516",516,14.9501502717747,"Colombia",0,0,0,0,0,0,0,0,1,0,"male",10.8164951494114,1.37914623077553,0.0694967166396714,4.10311274781987,3.15512688644627,0.836047633734144,1.93550946862548
"517",517,15.491641091849,"Colombia",0,0,0,0,0,0,0,0,0,1,"male",13.3551102412966,1.20993137348854,-0.0191955423113854,2.35468445638232,3.30467417994889,1.17161245289113,2.66242345904968
"518",518,15.8883952539479,"Colombia",1,0,0,0,0,0,0,0,0,0,"male",15.2151715134974,1.64539937305266,-0.0639367135078578,3.00289374578923,2.33253243872918,2.51523047452828,1.87875313197096
"519",519,14.6763670432736,"Colombia",0,1,0,0,0,0,0,0,0,0,"male",9.53294571512441,0.74565111081766,0.281128145042116,3.92822740030045,3.64365840260026,0.881502794477999,1.40179589752384
"520",520,15.4444906357795,"Colombia",0,0,1,0,0,0,0,0,0,0,"male",13.1340596621736,1.38926550018216,0.0066659457215929,3.82206057626472,3.23117917184811,1.84945583016298,1.65278721937662
"521",521,16.4786059996308,"Colombia",0,0,0,1,0,0,0,0,0,0,"male",17.9821951653069,0.384498720588265,0.540976132955244,2.93486160682116,2.46347662709903,2.33918817199619,3.25848180457634
"522",522,15.5127644780714,"Colombia",0,0,0,0,1,0,0,0,0,0,"male",13.4541408159028,0.96606733531837,0.307845642224472,4.21055640185125,4.93199551200177,1.60710258033294,1.77714929767587
"523",523,14.9828182405002,"Colombia",0,0,0,0,0,1,0,0,0,0,"male",10.9696489894276,1.33697763808687,0.13829911304891,3.52692733635385,3.35817755910238,1.39581839216744,1.37787077564818
"524",524,15.3622012387539,"Colombia",0,0,0,0,0,0,1,0,0,0,"male",12.7482708409285,0.536328940692165,0.701783942707678,2.7088970655827,1.72657429155432,2.65878300946432,1.06055990563058
"525",525,16.6109543937351,"Colombia",-1,-1,-1,-1,-1,-1,-1,-1,-1,-1,"male",18.6026703759739,0.860431251194356,0.162046864775238,2.19102838794189,2.11094676831133,2.67159779691122,3.17848146488372
"526",526,16.1039394771703,"Colombia",0,0,0,0,0,0,0,1,0,0,"male",16.2256850767115,0.710237957984226,0.565006866592094,3.53733003865198,3.20224835517251,2.61025831021884,2.06921161773223
"527",527,16.7205348684733,"Colombia",0,0,0,0,0,0,0,0,1,0,"male",19.1164051183436,1.00959762479252,0.280307086200654,4.19886868056657,3.82590084234115,3.44364288049446,1.98450362684639
"528",528,15.7349098757313,"Colombia",0,0,0,0,0,0,0,0,0,1,"male",14.4956019786511,0.956157143630716,0.306622502838824,3.43219769617992,3.14002982077579,2.23394662190452,1.8339324216604
"529",529,15.9784270366484,"Colombia",1,0,0,0,0,0,0,0,0,0,"male",15.6372581562247,0.816396642694142,0.164328223872809,4.11706406167643,3.57179633106948,2.33209955373937,2.01495553881117
"530",530,15.1085056927114,"Colombia",0,1,0,0,0,0,0,0,0,0,"male",11.5588963990144,0.0847348176384776,0.675277153373584,2.9131235527501,2.25410816715562,1.32201859984503,2.08000376451574
"531",531,16.1536228606994,"Colombia",0,0,1,0,0,0,0,0,0,0,"male",16.4586105161967,1.15469563483841,0.0325271972389181,4.17647609187154,3.64552450087408,2.86051257993585,1.65950943700313
"532",532,15.1553124791141,"Colombia",0,0,0,1,0,0,0,0,0,0,"male",11.7783357873833,0.970582687888512,0.293347461195355,2.77177890816716,3.22485994379968,1.92523902582444,1.21237824343958
"533",533,14.3343321767832,"Colombia",0,0,0,0,1,0,0,0,0,0,"male",7.92941922523092,1.01373241452651,0.0639714459841863,3.86871625167968,2.1763683764078,0.360555113819679,1.61867078211045
"534",534,15.7249376831843,"Colombia",0,0,0,0,0,1,0,0,0,0,"male",14.4488503855302,0.828546886936979,0.260504778183409,3.64271808072791,3.94513107060724,1.58319503814708,2.41533916992902
"535",535,17.3573743935228,"Colombia",0,0,0,0,0,0,1,0,0,0,"male",22.1020336266493,1.38000836343942,0.00153601645627788,3.24992768108711,2.82764602908577,3.14500937129564,3.66974188611171
"536",536,16.3292210769366,"Colombia",-1,-1,-1,-1,-1,-1,-1,-1,-1,-1,"male",17.2818493696026,1.32473185655947,-0.0190096231607982,2.97586289885841,4.37151288851058,2.02802828826551,2.90243538228245
"537",537,16.6563975441717,"Colombia",0,0,0,0,0,0,0,1,0,0,"male",18.8157167716738,0.179116523870767,0.793704728904175,3.57156235374397,2.92015796801018,2.90472852082582,2.81374519960687
"538",538,15.9322524393377,"Colombia",0,0,0,0,0,0,0,0,1,0,"male",15.4207825942222,1.25888588763943,0.127662823699644,2.76704244949215,2.61746279642046,2.62585099682933,1.84902591223671
"539",539,15.063515653872,"Colombia",0,0,0,0,0,0,0,0,0,1,"male",11.3479742792887,0.31547776298014,0.52434071795039,3.86030258369316,3.98949634152196,1.30429663938841,1.59966036211884
"540",540,15.428387712111,"Colombia",1,0,0,0,0,0,0,0,0,0,"male",13.0585659999857,0.763949607538073,0.465046805315867,2.87713845805384,2.56398577081468,1.57437051782707,2.23132343761765
"541",541,15.3646232000829,"Colombia",0,1,0,0,0,0,0,0,0,0,"male",12.7596254703218,0.585983222429299,0.444279044132409,3.47685835922876,3.78244478338377,0.901584048311986,2.63972581337482
"542",542,15.1891075977557,"Colombia",0,0,1,0,0,0,0,0,0,0,"male",11.9367739271174,0.508045574368617,0.541267203158563,2.77328374701367,3.36343412639782,2.49719563110309,0.645803144142122
"543",543,16.2423422209689,"Colombia",0,0,0,1,0,0,0,0,0,0,"male",16.8745442653441,1.40491108649549,0.0274272579065365,2.96298278303,3.41134118809608,2.5165361963692,2.34830704876054
"544",544,14.5347675748759,"Colombia",0,0,0,0,1,0,0,0,0,0,"male",8.86909965504162,1.20800753158609,0.384203349231196,3.41649666884018,3.48967438741052,0.849018696608361,1.22889255163234
"545",545,16.3879967866373,"Colombia",0,0,0,0,0,1,0,0,0,0,"male",17.5574014161948,1.02522025327542,0.185181539436162,2.7470389697055,3.56217542808047,2.79424460732987,2.32484036122625
"546",546,16.3860089326309,"Colombia",0,0,0,0,0,0,1,0,0,0,"male",17.548081967011,0.291326050422957,0.606606406977041,4.11607016531441,4.28787889502552,3.22258150805589,1.65999424874306
"547",547,14.5336371215563,"Colombia",-1,-1,-1,-1,-1,-1,-1,-1,-1,-1,"male",8.86379986832057,0.896082317794625,0.187056540892373,3.16606830081267,3.38748484310319,0.844799667769214,1.29130755401316
"548",548,16.1842638141147,"Colombia",0,0,0,0,0,0,0,1,0,0,"male",16.6022613111612,1.14378509458693,0.416361070985264,2.69948192273393,3.00166898036124,2.92133682903773,1.92159946494643
"549",549,17.7923435338054,"Colombia",0,0,0,0,0,0,0,0,1,0,"male",24.1412542063704,1.61717059794142,-0.0824732981508124,4.38470425619451,5.10650243696949,3.56540998545626,3.42486839791568
"550",550,15.1096204972164,"Colombia",0,0,0,0,0,0,0,0,0,1,"male",11.5641228210258,0.666981417636704,0.417346340119479,3.86703841615303,4.42995198956463,1.18389976286365,1.70511764233164
"551",551,16.3687240087844,"Colombia",1,0,0,0,0,0,0,0,0,0,"male",17.467046856328,1.46970855928279,-0.0955314775669547,3.9551613273794,4.15361452687486,2.11233512149245,2.79941873869115
"552",552,14.9075827426338,"Colombia",0,1,0,0,0,0,0,0,0,0,"male",10.6169302299423,0.556400084357022,0.618912229693726,4.25079347714479,4.24682539125921,1.91809680940948,0.517964220154205
"553",553,16.6074188535461,"Colombia",0,0,1,0,0,0,0,0,0,0,"male",18.5860950706338,1.69033685927207,0.00117826627495865,3.12187252774214,3.14391540743573,2.51701408050082,2.99628074855239
"554",554,15.8343425984941,"Colombia",0,0,0,1,0,0,0,0,0,0,"male",14.9617620708908,0.759747734856057,0.244307627755505,4.22912285600366,3.81046484509022,2.42799574765997,1.60735036472176
"555",555,17.0934200216776,"Colombia",0,0,0,0,1,0,0,0,0,0,"male",20.8645637987335,1.32381127937656,-0.032069599074889,3.78091709185149,5.3491491448067,3.69348151690296,2.08840933389595
"556",556,14.2998442857738,"Colombia",0,0,0,0,0,1,0,0,0,0,"male",7.76773323285959,1.10080452115806,0.172481123579539,3.73732960773163,3.46451224203806,0.360355734862,1.34697576047483
"557",557,15.5639344982594,"Colombia",0,0,0,0,0,0,1,0,0,0,"male",13.6940358994122,0.631879900932884,0.37885677603173,3.79791526933169,3.49620295165351,1.53215994912636,2.27618587311595
"558",558,15.1368211918392,"Colombia",-1,-1,-1,-1,-1,-1,-1,-1,-1,-1,"male",11.6916450085112,1.2549543224215,0.34443048678899,2.50858868948184,2.8829782875395,1.8251135686183,1.3564661231083
"559",559,15.4328561475695,"Colombia",0,0,0,0,0,0,0,1,0,0,"male",13.0795149011888,1.03531060528189,0.117570371766803,3.88781200732053,4.03033770034383,1.52059075339373,1.90534356110724
"560",560,15.044638289068,"Colombia",0,0,0,0,0,0,0,0,1,0,"male",11.2594734932919,1.00948523957101,0.218683899086388,2.48365978236697,2.59867816623831,1.99373854052288,1.0661139817361
"561",561,14.8612084646796,"Colombia",0,0,0,0,0,0,0,0,0,1,"male",10.3995185259476,1.08357064381596,0.443019019247031,3.42817070151274,2.74906539131137,1.47016887758677,1.23210069237415
"562",562,16.1296926924056,"Colombia",1,0,0,0,0,0,0,0,0,0,"male",16.3464211971353,1.29621611231209,0.127024106618786,3.2665898986076,3.06577113684392,2.54533876672785,2.16131504967433
"563",563,14.6333525187589,"Colombia",0,1,0,0,0,0,0,0,0,0,"male",9.33128519373614,0.943420548671189,0.149189511376268,3.8478916583082,3.66070710923412,1.23892775430662,0.893633301660849
"564",564,16.9426597765375,"Colombia",0,0,1,0,0,0,0,0,0,0,"male",20.157770221852,1.35576714433933,0.00528203686132411,2.9110073943937,1.88376317724576,3.01706146485508,3.28190164468254
"565",565,14.5447864863883,"Colombia",0,0,0,1,0,0,0,0,0,0,"male",8.91607027582911,0.857515236856188,0.408705166446866,3.52258684253449,3.23443155269242,0.530045390574768,1.68088771801307
"566",566,15.700769077953,"Colombia",0,0,0,0,1,0,0,0,0,0,"male",14.3355432273741,1.31846924493152,-0.0358738990823349,4.43611402541277,4.37743111066062,2.13740336688132,1.52098256011194
"567",567,16.0886243795702,"Colombia",0,0,0,0,0,1,0,0,0,0,"male",16.1538848975395,1.10533039847647,0.234980121710959,3.25456424517328,3.64964493354728,2.4712088651652,2.09814841474635
"568",568,16.1368883345052,"Colombia",0,0,0,0,0,0,1,0,0,0,"male",16.38015577758,1.5213904885244,-0.0508128205503989,4.26729800389549,4.67307907407542,1.72575111800937,2.71232223586477
"569",569,15.339031495848,"Colombia",-1,-1,-1,-1,-1,-1,-1,-1,-1,-1,"male",12.6396465451225,0.691033855213478,0.262699040988744,3.67602648184734,3.41054276329496,1.906413089184,1.46233368852193
"570",570,15.6813927918049,"Colombia",0,0,0,0,0,0,0,1,0,0,"male",14.2447034003326,1.05245705068168,0.144597976132833,4.02449077894321,3.27627401006385,3.0274521424235,0.726373270752734
"571",571,16.4732152083251,"Colombia",0,0,0,0,0,0,0,0,1,0,"male",17.9569220791187,0.768386206963372,0.428687317986787,3.19320490172246,2.96614088963041,2.64310445030074,2.7457526207169
"572",572,14.3020936064654,"Colombia",0,0,0,0,0,0,0,0,0,1,"male",7.77827848910825,1.18648249130841,0.0751553823477954,3.43218788434283,1.99700067693719,1.27922797660804,0.56236304129706
"573",573,14.9079977390442,"Colombia",1,0,0,0,0,0,0,0,0,0,"male",10.6188758144499,0.866866617072926,0.115457256204216,4.82823514146869,2.98794559464511,1.6798140747519,0.896789331998164
"574",574,15.8977212782563,"Colombia",0,1,0,0,0,0,0,0,0,0,"male",15.2588937432729,1.49299243686218,0.148620068140535,2.26500449776607,3.20183679756558,1.86024761154044,2.59765254598134
"575",575,15.2105857834534,"Colombia",0,0,1,0,0,0,0,0,0,0,"male",12.0374678712013,1.11287750007136,0.250744451664237,2.37993912193326,2.4795892108745,0.898886339683999,2.64314364042006
"576",576,16.840263586586,"Colombia",0,0,0,1,0,0,0,0,0,0,"male",19.6777168146179,0.987936711281778,0.0910714776294575,3.71505783838959,4.06005651692309,3.44458390978289,2.1934766046171
"577",577,16.2145819692926,"Colombia",0,0,0,0,1,0,0,0,0,0,"male",16.7443987647239,1.74169370507227,0.0139348060755115,4.37957793369219,3.33998930941871,2.0611666357961,2.66569235031087
"578",578,15.6748057436685,"Colombia",0,0,0,0,0,1,0,0,0,0,"male",14.2138220276661,0.90365412366993,0.503652366822358,2.969884946765,2.96249469280204,2.1994600057138,1.85902505560695
"579",579,14.2560339288521,"Colombia",0,0,0,0,0,0,1,0,0,0,"male",7.56234169317058,1.05025625740471,0.298112141588725,3.0451806983937,3.07790927395794,0.854044000669658,0.847069288065495
"580",580,15.633438002343,"Jordan",-1,-1,-1,-1,-1,-1,-1,-1,-1,-1,"male",14.0198819486235,1.09571151289757,0.0808129729822882,3.14769567276823,2.91013804920041,1.63487910227412,2.38623867383086
"581",581,15.3258585503591,"Jordan",0,0,0,0,0,0,0,1,0,0,"male",12.5778891948907,0.983797191850633,0.436155335220597,2.50896178731779,2.43596296522557,1.84173766933127,1.77852363690404
"582",582,15.5180928308585,"Jordan",0,0,0,0,0,0,0,0,1,0,"male",13.4791211780783,0.604292128318142,0.446893664160885,3.00326397658013,3.19249336418327,2.34167091688212,1.39947164079663
"583",583,14.548959814104,"Jordan",0,0,0,0,0,0,0,0,0,1,"male",8.93563565409556,0.281280427262147,0.463810791355844,3.11880277812159,2.34830461888554,1.38086386279632,0.956608584797039
"584",584,16.0577949233593,"Jordan",1,0,0,0,0,0,0,0,0,0,"male",16.009350364524,0.173412009466237,0.611732833163128,2.69971811952535,3.3424848992238,2.26594250606506,2.49353116481663
"585",585,14.6770171166043,"Jordan",0,1,0,0,0,0,0,0,0,0,"male",9.53599338630739,0.533368979569894,0.374670633215015,3.01868949302985,2.96249374748098,2.17815469238737,0.141002354616595
"586",586,15.4068526606647,"Jordan",0,0,1,0,0,0,0,0,0,0,"male",12.9576054581275,1.02518157192183,0.0404408299464139,2.74788378682643,3.27391280162637,1.51129629509787,2.1084735619936
"587",587,15.9525203948473,"Jordan",0,0,0,1,0,0,0,0,0,0,"male",15.5158027419902,0.727298783310616,0.248320459882486,3.13359283186413,2.27265356231098,3.00686734233594,1.52511325465534
"588",588,14.9064028214663,"Jordan",0,0,0,0,1,0,0,0,0,0,"male",10.6113985282551,0.530986584758772,0.378255276726559,3.99786777702251,3.84198648262047,1.35379848888073,1.24888913872089
"589",589,16.1335262823007,"Jordan",0,0,0,0,0,1,0,0,0,0,"male",16.3643938179131,1.94152200016718,-0.259951828559444,4.0800585628711,3.88013323358794,2.45117159418046,1.97591242909798
"590",590,14.4277736593168,"Jordan",0,0,0,0,0,0,1,0,0,0,"male",8.36749120904637,1.14439841901379,0.350366511262514,2.85724083412303,2.83712739117251,0.595107840791707,1.50307797398811
"591",591,13.0868223382934,"Jordan",-1,-1,-1,-1,-1,-1,-1,-1,-1,-1,"male",2.08084860157612,1.47302190317081,-0.0481590952215816,3.03788535650056,3.07923992694292,-0.198496036760546,-0.066217252083455
"592",592,16.0275412557257,"Jordan",0,0,0,0,0,0,0,1,0,0,"male",15.8675152412084,1.4064579740717,-0.0122479632472776,3.30399686890578,3.28228710218722,2.36449725271798,2.130033934434
"593",593,16.364804764611,"Jordan",0,0,0,0,0,0,0,0,1,0,"male",17.4486726715058,0.766368320960202,0.302566924420643,3.45921819720517,2.72037764257737,2.45895570523914,2.77549625550467
"594",594,15.3533108096149,"Jordan",0,0,0,0,0,0,0,0,0,1,"male",12.7065907666803,0.718689942517975,0.365168404769052,3.2758183413512,2.6197245793284,2.1799628541434,1.3512383373057
"595",595,16.0627053766233,"Jordan",1,0,0,0,0,0,0,0,0,0,"male",16.0323715318307,0.379417685975212,0.667701587329218,3.08024724110909,3.93403992691058,2.54121356634009,2.0304471203028
"596",596,14.5719869604749,"Jordan",0,1,0,0,0,0,0,0,0,0,"male",9.04359142939774,1.28367958940825,0.11498876337409,3.70909328091836,3.1855696102503,0.658030632061619,1.51634189279985
"597",597,15.4958205510706,"Jordan",0,0,1,0,0,0,0,0,0,0,"male",13.374704365264,1.54152682657445,-0.150546117457647,3.36837663873221,3.1265558344754,1.67458567324586,1.98454391086935
"598",598,13.8665164983155,"Jordan",0,0,0,1,0,0,0,0,0,0,"male",5.736207636869,0.509464286298028,0.560957028785294,3.50399934902598,1.94064977835884,1.06715843212729,0.128167926486354
"599",599,16.6707004405118,"Jordan",0,0,0,0,1,0,0,0,0,0,"male",18.8827715529562,0.73735993223796,0.585262934694701,3.86803876315187,2.85801996657373,2.71014709764775,2.98202506335023
"600",600,17.2801999536658,"Jordan",0,0,0,0,0,1,0,0,0,0,"male",21.7402247270967,1.18383413494381,-0.0864648248344565,3.04129413240137,2.35394194245337,4.08077296162159,2.57088165624775
"601",601,16.5744630097332,"Jordan",0,0,0,0,0,0,1,0,0,0,"male",18.4315916157872,0.500417905650388,0.522646879906449,3.84206654864757,3.28380088591502,3.08345853116944,2.3293687012002
"602",602,15.5854424241605,"Jordan",-1,-1,-1,-1,-1,-1,-1,-1,-1,-1,"male",13.7948692713981,1.60128009274295,-0.149406247336461,2.9452617591197,2.37988524723723,1.62272348536804,2.36735668521912
"603",603,15.5800693526362,"Jordan",0,0,0,0,0,0,0,1,0,0,"male",13.7696792590184,1.07312760089164,0.122436315487106,3.38748802165738,2.37934884812614,2.90247300440016,0.904792289573572
"604",604,14.2485712744103,"Jordan",0,0,0,0,0,0,0,0,1,0,"male",7.52735530653387,0.0681602090171954,0.46135473260769,3.41293648052598,2.54747243588524,1.58190892598048,0.150221103278491
"605",605,16.3197660388116,"Jordan",0,0,0,0,0,0,0,0,0,1,"male",17.2375222977694,1.05161680944425,0.228729082239447,2.85660144446013,3.36236915304099,2.21868098281969,2.89060892504305
"606",606,15.4207607057388,"Jordan",1,0,0,0,0,0,0,0,0,0,"male",13.0228090992876,1.03318343077782,0.257888522359813,3.71317802695875,3.31955481829372,2.15496343950528,1.30116625117654
"607",607,15.0202448530258,"Jordan",0,1,0,0,0,0,0,0,0,0,"male",11.1451122842299,0.0486279716312195,0.47261350772806,4.08667197753239,3.03270037889078,1.02428185141999,2.00973664855626
"608",608,14.3420008381928,"Jordan",0,0,1,0,0,0,0,0,0,0,"male",7.96537141290852,0.81374199150064,0.0732968752209057,3.64419706198824,2.6938357479302,1.00075820872422,0.846747013903037
"609",609,15.3408132780116,"Jordan",0,0,0,1,0,0,0,0,0,0,"male",12.6479998891192,0.863340192944923,0.274507990849658,4.14000271399998,2.76982455281358,1.59734162742056,1.87124475616933
"610",610,14.847543100755,"Jordan",0,0,0,0,1,0,0,0,0,0,"male",10.3354526215797,0.633424887401785,0.413338651596555,3.63505257486501,2.16490210826575,1.10289154378732,1.75070887832693
"611",611,15.2534665927456,"Jordan",0,0,0,0,0,1,0,0,0,0,"male",12.2385015094198,1.04124921607525,0.12950772902957,3.7400186725518,3.09876398543009,1.9497664628381,1.26906227563387
"612",612,14.5165952109883,"Jordan",0,0,0,0,0,0,1,0,0,0,"male",8.78390405151525,1.30857113233679,0.197665465170657,3.67285328595099,2.94097531007082,1.18596310180089,0.858596906484904
"613",613,17.1254553556852,"Jordan",-1,-1,-1,-1,-1,-1,-1,-1,-1,-1,"male",21.0147517232014,1.80584337971226,-0.206224630244969,4.01648797212021,3.51752540978223,3.42484633381695,2.69300548509094
"614",614,15.5956297305672,"Jordan",0,0,0,0,0,0,0,1,0,0,"male",13.8426293604545,-0.054103972813855,0.859369982951086,2.97547881461998,3.91175575457577,1.01751536427694,3.0233401652796
"615",615,16.5753006793906,"Jordan",0,0,0,0,0,0,0,0,1,0,"male",18.4355187753167,1.19511206477837,0.177614051461425,2.88544338734711,3.81940320159693,2.86188632450765,2.50435764341902
"616",616,13.2736736961086,"Jordan",0,0,0,0,0,0,0,0,0,1,"male",2.95684438821529,0.425415510845333,0.404831083282432,3.47689621584008,5.15431194667308,-0.236370514677719,0.0286030808783393
"617",617,15.2030283486646,"Jordan",1,0,0,0,0,0,0,0,0,0,"male",12.0020371357217,1.45337643460138,0.120240751691809,3.65039891710818,4.3126298023929,1.7419146538048,1.18061947523184
"618",618,15.0034169021503,"Jordan",0,1,0,0,0,0,0,0,0,0,"male",11.0662195523974,1.02130625279349,0.130380186429346,3.47803497803491,3.18567659468652,1.59976658110102,1.2423998106016
"619",619,14.5118122909294,"Jordan",0,0,1,0,0,0,0,0,0,0,"male",8.76148078486951,1.53626097499796,-0.0394247317544187,3.64519854631734,3.12569441388943,0.529411292312068,1.54282005579644
"620",620,16.9988550204932,"Jordan",0,0,0,1,0,0,0,0,0,0,"male",20.4212245392834,0.611237143850938,0.21048370020195,4.60779008861686,4.02092568053371,3.24046468581284,2.66950537310236
"621",621,14.339076836047,"Jordan",0,0,0,0,1,0,0,0,0,0,"male",7.95166311777045,1.16804335010368,-0.108065398999734,4.33586705342179,4.37118439249811,0.781877157620419,0.694380822261941
"622",622,15.8959144538464,"Jordan",0,0,0,0,0,1,0,0,0,0,"male",15.2504229963178,1.05990493873988,0.281085280714141,3.15097247092929,3.83938857793331,2.15303232668701,2.10790165315048
"623",623,16.3700997844506,"Jordan",0,0,0,0,0,0,1,0,0,0,"male",17.4734967622905,1.26913025482185,0.0647617418869333,2.92589244920617,3.02831260645978,2.91695398235132,2.19732291151074
"624",624,15.7700147891994,"Jordan",-1,-1,-1,-1,-1,-1,-1,-1,-1,-1,"male",14.6601806932399,0.635216605081426,0.241311403597779,2.34796695103985,2.31837054525648,1.5896511171233,2.91111721136519
"625",625,14.824020581209,"Jordan",0,0,0,0,0,0,0,1,0,0,"male",10.2251744397439,1.31044957829691,0.0739802502032109,3.43366662951713,3.08457832882617,1.89446780700335,0.578011214808579
"626",626,16.4551668944383,"Jordan",0,0,0,0,0,0,0,0,1,0,"male",17.8723080463087,0.915036249875314,0.38635483241269,3.36802303848716,2.07038325453486,2.07391181183528,3.49062041199993
"627",627,15.7631880974931,"Jordan",0,0,0,0,0,0,0,0,0,1,"male",14.6281758245499,0.81652711194606,0.444881029876442,3.38276286174154,3.28177564725536,2.32082619169452,1.7848535195621
"628",628,14.6549788800689,"Jordan",1,0,0,0,0,0,0,0,0,0,"male",9.4326738141316,0.87612642599955,0.146201504173569,3.351149269313,3.06252268021239,0.710976263704051,1.69736935611762
"629",629,14.3635319552533,"Jordan",0,1,0,0,0,0,0,0,0,0,"male",8.06631350959532,0.301679424260807,0.232780761875048,3.52636135397974,2.72695651738115,1.73709178239498,0.0986314307963319
"630",630,17.4838722561748,"Jordan",0,0,1,0,0,0,0,0,0,0,"male",22.6950803992161,0.898457116539585,0.393446779177731,3.22771930162655,4.62632516000428,3.28485353001867,3.49075510744988
"631",631,15.0007041754142,"Jordan",0,0,0,1,0,0,0,0,0,0,"male",11.0535017577884,1.2882255890284,0.110181708016344,2.99413343423192,3.44078869867824,1.20629010992843,1.66847641891152
"632",632,13.9436966547816,"Jordan",0,0,0,0,1,0,0,0,0,0,"male",6.09804333700505,1.4481414984313,0.25285790727449,2.92359650735421,2.31068353914246,1.15047208799944,0.0586055914760013
"633",633,16.0888669077528,"Jordan",0,0,0,0,0,1,0,0,0,0,"male",16.1550219171929,1.59761083598038,-0.0513998940255177,4.38684298150221,3.39182693372569,2.63154589305478,1.78654023833653
"634",634,15.8885867699427,"Jordan",0,0,0,0,0,0,1,0,0,0,"male",15.2160693780164,0.888138792044516,0.326779364007849,3.74825831440382,3.46591177375179,2.17590190237862,2.09280618658023
"635",635,14.3942567665211,"Jordan",-1,-1,-1,-1,-1,-1,-1,-1,-1,-1,"male",8.21035744660786,1.04834616336976,0.231978561235382,3.44244301643997,4.16542243914064,0.511612496683347,1.25600330502464
"636",636,13.8652251406034,"Jordan",0,0,0,0,0,0,0,1,0,0,"male",5.73015349881999,0.666084146137122,0.0464229283227094,3.07802503784477,2.83697027242797,0.864359490591408,0.203418324277433
"637",637,15.5055603395916,"Jordan",0,0,0,0,0,0,0,0,1,0,"male",13.4203664027623,0.48429727405829,0.652023873966229,3.31262812344206,3.00667654839736,2.07719418474676,1.7060627660485
"638",638,16.6331778699551,"Jordan",0,0,0,0,0,0,0,0,0,1,"male",18.7068583880967,1.00679856056063,0.19082278873531,2.80742439376788,3.23084764931119,2.39934322130248,3.26624854987291
"639",639,16.1812393835936,"Jordan",1,0,0,0,0,0,0,0,0,0,"male",16.5880821881168,0.696942501022508,0.122609470765128,4.20946495154347,4.10002987646636,2.85930475647808,1.67512422790205
"640",640,15.1673421931025,"Jordan",0,1,0,0,0,0,0,0,0,0,"male",11.8347334442781,0.599664275399518,0.513240776171694,3.56209883013551,3.09415236194923,1.3048014698312,1.93948213684014
"641",641,14.8608989680372,"Jordan",0,0,1,0,0,0,0,0,0,0,"male",10.3980675450298,1.33056492491562,0.198917758391551,3.80393422691331,3.78249067805255,1.15446804717768,1.34395736175359
"642",642,15.853417947562,"Jordan",0,0,0,1,0,0,0,0,0,0,"male",15.0511910459198,0.628446308442177,0.390147462702758,3.34634657951093,3.41021852206259,2.68588687765206,1.5196497087631
"643",643,15.7513033058001,"Jordan",0,0,0,0,1,0,0,0,0,0,"male",14.57245759178,0.743161185337613,0.201331814345422,3.03224753683518,2.25641903270755,2.50007565709006,1.76142310836718
"644",644,16.1754811485301,"Jordan",0,0,0,0,0,1,0,0,0,0,"male",16.5610864535764,0.654159521010985,0.434793554963254,3.51838936047138,3.88415576587064,2.21606619595937,2.53177106193266
"645",645,15.2545734406406,"Jordan",0,0,0,0,0,0,1,0,0,0,"male",12.2436906292837,1.04089894142033,0.366804998341727,3.53011355703156,2.45709572166261,1.66150941087113,1.74734107800211
"646",646,16.4176199397764,"Jordan",-1,-1,-1,-1,-1,-1,-1,-1,-1,-1,"male",17.696280563985,1.38958118813031,0.055688114262357,4.15966806517769,3.6620740146085,2.10568055679751,2.9740400688606
"647",647,14.863931248452,"Jordan",0,0,0,0,0,0,0,1,0,0,"male",10.4122834699144,1.21020989773808,0.397857221585662,3.54462879044866,3.5025609476637,1.5989279306801,0.933347666690905
"648",648,15.3131708592923,"Jordan",0,0,0,0,0,0,0,0,1,0,"male",12.518406812495,0.471492385523699,0.65635053408381,3.17446719183079,3.01948015973321,2.48766156740279,0.905981965949214
"649",649,16.2752514423059,"Jordan",0,0,0,0,0,0,0,0,0,1,"male",17.0288291448861,1.53929064000027,-0.141236887824451,3.76660438782886,3.76584164988065,2.15163806415209,2.66519725262894
"650",650,16.4989945045471,"Jordan",1,0,0,0,0,0,0,0,0,0,"male",18.0777804723201,1.73562777446393,-0.176964358295581,4.32788397742738,4.40389584024156,2.88907666838774,2.02699836718453
"651",651,13.8692227780949,"Jordan",0,1,0,0,0,0,0,0,0,0,"male",5.74889520688127,1.19003680305419,0.465558235342881,3.7184497578822,1.53955939675975,0.519978965480859,0.743488462494546
"652",652,15.7062569855005,"Jordan",0,0,1,0,0,0,0,0,0,0,"male",14.361271613538,0.976514127649486,0.191332740663215,3.09421819654954,3.17122316091025,1.51030022427107,2.63579775904416
"653",653,16.1566835525377,"Jordan",0,0,0,1,0,0,0,0,0,0,"male",16.4729596394028,1.24714296228836,0.406557160362002,4.06035114714645,3.5308764831195,2.53952959200498,2.0781459936848
"654",654,14.3071597664854,"Jordan",0,0,0,0,1,0,0,0,0,0,"male",7.80202964020444,1.16701420985071,0.230246726076529,3.98535220371886,4.63131239265787,0.207893043651912,1.30736595856656
"655",655,16.0416017886879,"Jordan",0,0,0,0,0,1,0,0,0,0,"male",15.9334337754747,0.818578548530377,0.287779216889734,2.20579410705787,2.25915052130072,2.9981166679374,1.77965634336242
"656",656,14.8662995051837,"Jordan",0,0,0,0,0,0,1,0,0,0,"male",10.4233863216295,0.791941823986709,0.563262583794081,2.07438633856995,0.734187413863344,1.28773907345425,1.96410419865012
"657",657,16.5261872049237,"Jordan",-1,-1,-1,-1,-1,-1,-1,-1,-1,-1,"male",18.2052651812122,1.14301882826153,0.0116691930025919,3.12555575851953,3.39251383532828,2.76299460739904,2.57687563028667
"658",658,16.0935568648282,"Jordan",0,0,0,0,0,0,0,1,0,0,"male",16.1770093551521,0.731052988738078,0.208281081009695,3.24956775843019,2.66683530481826,2.78729037791996,1.94547880871998
"659",659,16.3006089609061,"Jordan",0,0,0,0,0,0,0,0,1,0,"male",17.1477101619315,1.29830881544685,0.184429191279678,2.80847617090692,2.52369180144633,3.21149156281622,1.83779137741979
"660",660,15.7184059576998,"Jordan",0,0,0,0,0,0,0,0,0,1,"male",14.4182283762984,1.0504662812629,0.0740728550160786,4.16034795270147,3.5105447790102,2.01992168995787,1.89443513544061
"661",661,16.3855562938737,"Jordan",1,0,0,0,0,0,0,0,0,0,"male",17.5459599078041,0.350701481682502,0.499502761045256,3.68506689257894,3.71012403772198,2.59673980333217,2.51001658379531
"662",662,16.8497020464265,"Jordan",0,1,0,0,0,0,0,0,0,0,"male",19.7219661642042,1.03445444568335,0.114952096850496,3.84038425383466,4.9181338226207,2.90777227782311,2.66523344833008
"663",663,17.3756907178792,"Jordan",0,0,1,0,0,0,0,0,0,0,"male",22.1879041450682,1.15701089801702,0.0618872554549054,3.22365270251128,4.41287927639418,3.34486612060631,3.2252710187511
"664",664,15.5845012408353,"Jordan",0,0,0,1,0,0,0,0,0,0,"male",13.7904568195064,1.50413606870736,0.179739374371661,3.49672025301529,2.54285719598862,2.20426625025188,1.64147044104573
"665",665,13.5903521208815,"Jordan",0,0,0,0,1,0,0,0,0,0,"male",4.44149490970058,0.913384269850968,0.548610036081174,3.27301069243599,3.30249314433044,0.499188760842438,0.0441108462387636
"666",666,15.6383103521254,"Jordan",0,0,0,0,0,1,0,0,0,0,"male",14.0427244793407,0.194084116507619,0.330256327637308,3.90528695328546,3.31303047196227,1.94487693932263,1.99087814541902
"667",667,15.7945939651881,"Jordan",0,0,0,0,0,0,1,0,0,0,"male",14.7754126875744,0.921496762614611,0.239848678133017,3.36700689342101,3.45476983784985,2.40782855571187,1.69084458138141
"668",668,15.4704998782643,"Jordan",-1,-1,-1,-1,-1,-1,-1,-1,-1,-1,"male",13.2559960885221,0.686790338186066,0.330579704670339,4.36927708445877,4.55170140221353,1.3232242700696,2.10606787802198
